Customer_ID,Customer_Name,Department,Location,Joining_Year
CUST00001,Aryan Maharaj,Legal,Noida,2017
CUST00002,Udant Dewan,Marketing,Hyderabad,2023
CUST00003,Gagan Sami,Operations,Delhi,2019
CUST00004,Ayushman Chander,Legal,Mumbai,2022
CUST00005,Viraj Tiwari,Sales,Pune,2021
CUST00006,Rushil Saini,Administration,Pune,2022
CUST00007,Saumya Mall,Operations,Hyderabad,2021
CUST00008,Nathaniel Sami,Operations,Bengaluru,2017
CUST00009,Arunima Dugal,Legal,Mumbai,2016
CUST00010,Gayathri Chaudry,Human Resources,Pune,2021
CUST00011,Lajita Chatterjee,Sales,Hyderabad,2017
CUST00012,Hemangini Lalla,Legal,Noida,2017
CUST00013,Tripti Yadav,Sales,Pune,2016
CUST00014,Kritika Brar,Sales,Kolkata,2018
CUST00015,Janaki Handa,Administration,Mumbai,2022
CUST00016,Chakradev Kari,Operations,Mumbai,2015
CUST00017,Fariq Kaul,Marketing,Kolkata,2015
CUST00018,Lajita Mall,Administration,Chennai,2019
CUST00019,Janya Gaba,Administration,Noida,2025
CUST00020,Isha Kadakia,Sales,Kolkata,2019
CUST00021,Ekbal Garg,IT,Delhi,2025
CUST00022,Nihal Shere,Operations,Delhi,2015
CUST00023,Anamika Kanda,Human Resources,Hyderabad,2020
CUST00024,Daksh Karnik,Administration,Mumbai,2015
CUST00025,Diya Rattan,Marketing,Chennai,2019
CUST00026,Dominic Kakar,IT,Chennai,2023
CUST00027,Simon Tata,IT,Pune,2019
CUST00028,Tara Dhar,Human Resources,Pune,2020
CUST00029,Liam Koshy,Administration,Kolkata,2022
CUST00030,Priya Rastogi,Marketing,Chennai,2025
CUST00031,Theodore Devi,Operations,Kolkata,2015
CUST00032,Gavin Batta,Finance,Noida,2016
CUST00033,Michael Dutta,Marketing,Kolkata,2023
CUST00034,Devansh Rajan,Human Resources,Pune,2017
CUST00035,Upadhriti Wadhwa,IT,Mumbai,2020
CUST00036,Advay Contractor,Operations,Kolkata,2019
CUST00037,Harini Choudhury,Marketing,Bengaluru,2025
CUST00038,Radhika Dugar,Finance,Mumbai,2016
CUST00039,Aarush Lall,Finance,Chennai,2021
CUST00040,Yashica Cherian,Sales,Chennai,2018
CUST00041,Yashica Issac,Sales,Kolkata,2015
CUST00042,Kashvi Edwin,Legal,Mumbai,2018
CUST00043,Ekiya Suresh,Human Resources,Pune,2020
CUST00044,Isaac Patil,Administration,Pune,2021
CUST00045,Wriddhish Bhardwaj,Marketing,Delhi,2021
CUST00046,Farhan Chada,Marketing,Chennai,2021
CUST00047,Ekapad Walia,Administration,Hyderabad,2017
CUST00048,Kabir Soman,Legal,Delhi,2020
CUST00049,Alka Wable,IT,Pune,2022
CUST00050,Siddharth Zacharia,IT,Mumbai,2018
CUST00051,Devika Rastogi,Legal,Noida,2022
CUST00052,Raksha Varughese,IT,Pune,2016
CUST00053,Jai Kota,Sales,Mumbai,2024
CUST00054,Devansh Nigam,Marketing,Delhi,2023
CUST00055,Victor Kannan,Legal,Chennai,2023
CUST00056,Ekavir Bhargava,Marketing,Pune,2022
CUST00057,Ekansh Balay,Administration,Kolkata,2024
CUST00058,Ekavir Varkey,Finance,Mumbai,2024
CUST00059,Arya Sunder,Sales,Chennai,2015
CUST00060,Kevin Solanki,Operations,Noida,2016
CUST00061,Urvashi Ray,Sales,Noida,2020
CUST00062,Girindra Chatterjee,Legal,Hyderabad,2024
CUST00063,Irya Sampath,Operations,Mumbai,2019
CUST00064,Unni Bhagat,Finance,Delhi,2023
CUST00065,Darsh Rau,Legal,Hyderabad,2019
CUST00066,Ikbal Kothari,Human Resources,Hyderabad,2016
CUST00067,Ranveer Yadav,Marketing,Bengaluru,2024
CUST00068,Logan Sami,Finance,Pune,2018
CUST00069,Arya Shere,Marketing,Mumbai,2023
CUST00070,Faqid Savant,IT,Hyderabad,2015
CUST00071,Chandresh Zachariah,Human Resources,Bengaluru,2025
CUST00072,Girik Khalsa,Human Resources,Delhi,2015
CUST00073,Niharika Sunder,Finance,Chennai,2021
CUST00074,Tanay Rattan,Human Resources,Kolkata,2025
CUST00075,Nitesh Raghavan,Operations,Kolkata,2017
CUST00076,Madhavi Lanka,Human Resources,Mumbai,2024
CUST00077,Bhavika Sampath,Marketing,Hyderabad,2016
CUST00078,Mohammed Gupta,Marketing,Kolkata,2023
CUST00079,Teerth Bhardwaj,Legal,Pune,2017
CUST00080,Dipta Bhandari,Marketing,Kolkata,2016
CUST00081,Vansha Thakkar,Legal,Kolkata,2022
CUST00082,Dakshesh Trivedi,Marketing,Kolkata,2024
CUST00083,Quincy Biswas,Operations,Noida,2020
CUST00084,Wahab Raval,Administration,Bengaluru,2020
CUST00085,Yatin Baral,Legal,Hyderabad,2024
CUST00086,Oni Virk,Sales,Pune,2025
CUST00087,Advika Jayaraman,IT,Hyderabad,2021
CUST00088,William Lanka,Finance,Noida,2021
CUST00089,Karan Mital,Marketing,Mumbai,2025
CUST00090,Diya Bora,Human Resources,Mumbai,2020
CUST00091,Tara Chaudhry,Administration,Mumbai,2018
CUST00092,Tanay Toor,Marketing,Delhi,2025
CUST00093,Kevin Palla,Human Resources,Kolkata,2023
CUST00094,Yash Pingle,IT,Delhi,2020
CUST00095,Nakul Sarma,IT,Bengaluru,2018
CUST00096,Abhiram Mistry,IT,Mumbai,2017
CUST00097,Krish Lalla,Human Resources,Noida,2018
CUST00098,Hredhaan Dugal,Marketing,Pune,2017
CUST00099,Baghyawati Kade,IT,Hyderabad,2016
CUST00100,Samar Lalla,Operations,Kolkata,2019
CUST00101,Zayan Behl,Legal,Chennai,2016
CUST00102,Pallavi Malhotra,Human Resources,Pune,2020
CUST00103,Aarush Nath,Human Resources,Kolkata,2017
CUST00104,Adweta Edwin,Marketing,Delhi,2020
CUST00105,Prisha Andra,Human Resources,Delhi,2025
CUST00106,Faqid Dixit,Human Resources,Pune,2024
CUST00107,Kala Divan,IT,Delhi,2023
CUST00108,Joshua Barman,Marketing,Mumbai,2015
CUST00109,Janya Baral,IT,Bengaluru,2020
CUST00110,Shivansh Krish,Legal,Hyderabad,2023
CUST00111,Irya Ray,Administration,Bengaluru,2025
CUST00112,Warjas Gaba,Legal,Kolkata,2018
CUST00113,Nitara Bakshi,Administration,Hyderabad,2025
CUST00114,Gaurangi Sabharwal,IT,Noida,2016
CUST00115,Amara Dutta,Legal,Hyderabad,2018
CUST00116,Lavanya Barad,Marketing,Bengaluru,2015
CUST00117,Tristan Iyengar,Finance,Pune,2017
CUST00118,Inaya Mody,IT,Hyderabad,2024
CUST00119,Udant Bajwa,Administration,Noida,2023
CUST00120,Mohini Narasimhan,Operations,Noida,2024
CUST00121,Ekaraj Mallick,Administration,Noida,2019
CUST00122,Yashodhara Ratta,Operations,Bengaluru,2025
CUST00123,Ayaan D’Alia,Human Resources,Hyderabad,2020
CUST00124,Pranav Lanka,Legal,Chennai,2017
CUST00125,Ikbal Saraf,Operations,Pune,2019
CUST00126,Dipta Sarin,Administration,Mumbai,2025
CUST00127,Lekha Gupta,Human Resources,Hyderabad,2022
CUST00128,Chaitanya Sarin,Finance,Noida,2020
CUST00129,Zinal Yohannan,Marketing,Chennai,2018
CUST00130,Januja Sankar,Marketing,Mumbai,2016
CUST00131,Ganga Murthy,Marketing,Mumbai,2023
CUST00132,Charita Tripathi,Operations,Kolkata,2015
CUST00133,Nilima Narain,Finance,Hyderabad,2015
CUST00134,Chakrika Datta,Operations,Bengaluru,2018
CUST00135,Osha Raghavan,Legal,Hyderabad,2021
CUST00136,Charvi Ravi,Operations,Chennai,2015
CUST00137,Daksha Mangat,Finance,Mumbai,2023
CUST00138,Qushi Nagy,Finance,Hyderabad,2018
CUST00139,Riya Sathe,Legal,Bengaluru,2017
CUST00140,Yasti Solanki,Finance,Kolkata,2015
CUST00141,Frado Mander,Administration,Hyderabad,2024
CUST00142,Girik Keer,Finance,Pune,2018
CUST00143,Umang Issac,Marketing,Kolkata,2023
CUST00144,Aryan Batra,Administration,Bengaluru,2024
CUST00145,Vaishnavi Bora,Administration,Chennai,2020
CUST00146,Oeshi Hayer,Legal,Mumbai,2020
CUST00147,Warda Ratta,Sales,Hyderabad,2015
CUST00148,Manbir Ahluwalia,Sales,Bengaluru,2024
CUST00149,Pavani Kanda,Finance,Kolkata,2016
CUST00150,Zarna Shetty,Administration,Pune,2025
CUST00151,Zaid Dara,Sales,Bengaluru,2020
CUST00152,Kiaan Shetty,Sales,Delhi,2016
CUST00153,Saanvi Thaman,Finance,Noida,2017
CUST00154,Sanaya Dutt,Sales,Pune,2018
CUST00155,Shivani Lad,Operations,Kolkata,2025
CUST00156,Aradhana Verma,Human Resources,Chennai,2019
CUST00157,William Maharaj,Legal,Mumbai,2023
CUST00158,Faras Mangal,Human Resources,Kolkata,2018
CUST00159,Anita Nayak,Finance,Noida,2025
CUST00160,Faris Devi,Marketing,Chennai,2023
CUST00161,Vihaan Rajagopal,Legal,Hyderabad,2025
CUST00162,Tanish Bhatt,Finance,Bengaluru,2024
CUST00163,Nikita Narayanan,Administration,Delhi,2017
CUST00164,Ojasvi Bhatia,Marketing,Pune,2022
CUST00165,Osha Ramachandran,Human Resources,Pune,2015
CUST00166,Lajita Sood,Finance,Bengaluru,2025
CUST00167,Indira Misra,Administration,Delhi,2023
CUST00168,Oni Yohannan,Legal,Bengaluru,2023
CUST00169,Vinaya Kanda,Legal,Hyderabad,2024
CUST00170,Rajata Sunder,IT,Noida,2016
CUST00171,Lopa Nayar,Administration,Chennai,2018
CUST00172,Noah Sibal,Operations,Kolkata,2022
CUST00173,Avi Ramesh,Sales,Pune,2021
CUST00174,Fiyaz Sangha,Marketing,Hyderabad,2015
CUST00175,Triya Gopal,Administration,Chennai,2019
CUST00176,Abha Raghavan,IT,Hyderabad,2021
CUST00177,Siddharth Sha,Sales,Delhi,2018
CUST00178,Geetika Raghavan,Sales,Pune,2015
CUST00179,Oviya Krishnan,Finance,Kolkata,2023
CUST00180,Upma Bahl,Sales,Bengaluru,2019
CUST00181,Inaya Kapur,Operations,Bengaluru,2025
CUST00182,Banjeet Balasubramanian,Legal,Chennai,2016
CUST00183,Ryan Bahri,IT,Kolkata,2022
CUST00184,William Date,Sales,Noida,2025
CUST00185,Ishwar Kamdar,Finance,Mumbai,2016
CUST00186,Aahana Pillay,Operations,Delhi,2017
CUST00187,Ishwar Gade,Human Resources,Chennai,2024
CUST00188,Hritik Bal,Legal,Mumbai,2015
CUST00189,Keya Ranganathan,Legal,Hyderabad,2025
CUST00190,Faqid Kibe,IT,Delhi,2016
CUST00191,Charvi Dara,Legal,Hyderabad,2021
CUST00192,Idika Walia,Sales,Noida,2024
CUST00193,Kamala Biswas,Finance,Kolkata,2016
CUST00194,Advik Salvi,Legal,Pune,2020
CUST00195,Hitesh Sant,Legal,Delhi,2017
CUST00196,Tripti Dua,Human Resources,Mumbai,2018
CUST00197,Patrick Vig,Human Resources,Noida,2025
CUST00198,Veda Shroff,Marketing,Pune,2022
CUST00199,Amrita Naidu,Operations,Bengaluru,2017
CUST00200,Gabriel Mallick,Sales,Mumbai,2024
CUST00201,Yagnesh Shetty,Legal,Chennai,2020
CUST00202,Gayathri Balakrishnan,Administration,Bengaluru,2015
CUST00203,Ekta Gopal,Legal,Noida,2021
CUST00204,Simon Pant,Finance,Bengaluru,2022
CUST00205,Harini Mammen,Marketing,Chennai,2025
CUST00206,Advaith Varughese,Operations,Delhi,2022
CUST00207,Frederick Khurana,Administration,Bengaluru,2017
CUST00208,Vrinda Khosla,Marketing,Kolkata,2024
CUST00209,Vritti Sem,IT,Mumbai,2015
CUST00210,Girik Menon,Operations,Pune,2023
CUST00211,Nidhi Kohli,Legal,Bengaluru,2020
CUST00212,Jyoti Solanki,Legal,Mumbai,2025
CUST00213,Pavani Narayanan,Operations,Hyderabad,2023
CUST00214,Sudiksha Madan,Legal,Mumbai,2021
CUST00215,Zayan Kashyap,Sales,Pune,2015
CUST00216,Reyansh Mutti,Operations,Mumbai,2015
CUST00217,Qasim Handa,Marketing,Chennai,2020
CUST00218,Veda Malhotra,Operations,Noida,2019
CUST00219,Harish Hari,Administration,Pune,2023
CUST00220,Utkarsh Patel,Legal,Noida,2016
CUST00221,Chasmum Atwal,Sales,Delhi,2022
CUST00222,Anusha Bath,Sales,Noida,2025
CUST00223,Brinda Date,IT,Hyderabad,2019
CUST00224,Harshil Arora,Marketing,Chennai,2016
CUST00225,Upasna Srinivas,Human Resources,Delhi,2024
CUST00226,Harini Gour,Human Resources,Mumbai,2025
CUST00227,Zayyan Sridhar,Operations,Pune,2025
CUST00228,Dhruv Rattan,IT,Hyderabad,2020
CUST00229,Ethan Bera,Finance,Chennai,2024
CUST00230,Manthan Modi,Operations,Delhi,2022
CUST00231,Yuvraj Dani,IT,Delhi,2018
CUST00232,Upkaar Virk,Marketing,Hyderabad,2016
CUST00233,Shravya Savant,Marketing,Kolkata,2025
CUST00234,Pushti Mody,Marketing,Mumbai,2019
CUST00235,Hardik Johal,Marketing,Hyderabad,2016
CUST00236,Aishani Bumb,Marketing,Delhi,2016
CUST00237,Wriddhish Ghose,IT,Bengaluru,2020
CUST00238,Naksh Agate,IT,Chennai,2025
CUST00239,Shravya Singhal,Sales,Hyderabad,2024
CUST00240,Bachittar Kata,Administration,Kolkata,2023
CUST00241,Barkha Setty,Human Resources,Delhi,2018
CUST00242,Vivaan Lalla,Legal,Mumbai,2020
CUST00243,Pavani Contractor,Marketing,Noida,2021
CUST00244,Manthan Lata,Finance,Delhi,2025
CUST00245,Ekbal Bhasin,Legal,Mumbai,2020
CUST00246,Damyanti Mani,IT,Hyderabad,2022
CUST00247,Jeet Sidhu,Finance,Mumbai,2018
CUST00248,Neha Magar,Finance,Pune,2015
CUST00249,Raksha Buch,Finance,Pune,2021
CUST00250,Rachana Naidu,Sales,Pune,2017
CUST00251,Atharv Chand,IT,Kolkata,2020
CUST00252,Ansh Luthra,Finance,Kolkata,2016
CUST00253,Parth Singhal,Marketing,Bengaluru,2023
CUST00254,Arunima Golla,Operations,Kolkata,2015
CUST00255,Vyanjana Chand,Finance,Noida,2020
CUST00256,Ijaya Rege,Sales,Hyderabad,2020
CUST00257,Ekani Cheema,Legal,Delhi,2019
CUST00258,Forum Sabharwal,IT,Delhi,2019
CUST00259,Bhavya Rattan,Administration,Bengaluru,2015
CUST00260,Suhani Chakrabarti,Sales,Kolkata,2024
CUST00261,Zayyan Naik,Finance,Noida,2019
CUST00262,Netra Varkey,IT,Mumbai,2016
CUST00263,Turvi Sachdev,Operations,Bengaluru,2021
CUST00264,Raghav Vasa,Finance,Noida,2017
CUST00265,Wishi Sathe,Sales,Mumbai,2018
CUST00266,Samar Loke,Human Resources,Noida,2017
CUST00267,Bhavna Sarma,Marketing,Mumbai,2017
CUST00268,Jairaj Balakrishnan,Administration,Chennai,2018
CUST00269,Nathan Mukhopadhyay,Legal,Noida,2019
CUST00270,Nikita Chander,Sales,Delhi,2015
CUST00271,Ishaan Shenoy,IT,Pune,2018
CUST00272,Mitesh Tara,Administration,Kolkata,2025
CUST00273,Yashodhara Mahajan,Administration,Mumbai,2022
CUST00274,Vasudha Sodhi,Administration,Chennai,2024
CUST00275,Tanmayi Dhillon,Finance,Noida,2021
CUST00276,Rayaan Trivedi,Marketing,Delhi,2023
CUST00277,Ekaraj Majumdar,Finance,Pune,2019
CUST00278,Harini Tripathi,IT,Mumbai,2024
CUST00279,Aarnav Mandal,Finance,Noida,2018
CUST00280,Vrishti Dixit,Human Resources,Noida,2022
CUST00281,Veda Pai,Marketing,Mumbai,2023
CUST00282,Krishna Shah,Marketing,Bengaluru,2021
CUST00283,Ranbir Khare,IT,Bengaluru,2021
CUST00284,Vivaan Roy,Legal,Delhi,2019
CUST00285,Eesha Solanki,Human Resources,Pune,2018
CUST00286,Libni Doshi,Sales,Mumbai,2024
CUST00287,Balhaar Date,Finance,Delhi,2015
CUST00288,Harish Sarraf,Operations,Delhi,2024
CUST00289,Tanmayi Aurora,Finance,Hyderabad,2024
CUST00290,Nimrat Dubey,Administration,Noida,2021
CUST00291,Upasna Lanka,Finance,Kolkata,2015
CUST00292,Mitali Buch,Sales,Noida,2015
CUST00293,Lajita Nadig,Finance,Bengaluru,2019
CUST00294,Balendra Biswas,Human Resources,Pune,2023
CUST00295,Bhavna Karan,Human Resources,Noida,2020
CUST00296,Radha Chaudhari,Marketing,Mumbai,2017
CUST00297,Sachi Ganesan,IT,Delhi,2017
CUST00298,Ayush Batra,Legal,Mumbai,2021
CUST00299,Daksh Memon,Operations,Hyderabad,2020
CUST00300,Kavya Sankar,Administration,Pune,2023
CUST00301,Yash Wali,Finance,Delhi,2020
CUST00302,Pranit Garde,Finance,Mumbai,2019
CUST00303,Farhan Raja,Sales,Bengaluru,2024
CUST00304,Widisha Dhar,IT,Kolkata,2021
CUST00305,Triya Kumar,Human Resources,Hyderabad,2015
CUST00306,Aadhya Andra,Operations,Pune,2021
CUST00307,Bhavna Dugar,Marketing,Hyderabad,2017
CUST00308,Riya Pai,Human Resources,Bengaluru,2023
CUST00309,Panini Krishna,Administration,Pune,2020
CUST00310,Chasmum Issac,IT,Hyderabad,2023
CUST00311,Vasudha Chhabra,Administration,Chennai,2019
CUST00312,Lakshmi Parmer,Legal,Bengaluru,2021
CUST00313,Chakrika Bains,Marketing,Bengaluru,2018
CUST00314,Anvi Anand,Legal,Bengaluru,2021
CUST00315,Watika Mangat,Sales,Chennai,2015
CUST00316,Indira Kanda,Administration,Chennai,2021
CUST00317,Zashil Devan,Sales,Mumbai,2022
CUST00318,Balveer More,Finance,Delhi,2019
CUST00319,Bahadurjit Patla,Legal,Kolkata,2016
CUST00320,Gautam Merchant,IT,Hyderabad,2019
CUST00321,Ojasvi Gill,Administration,Mumbai,2020
CUST00322,Kevin Zacharia,Operations,Hyderabad,2016
CUST00323,Yachana Mahajan,Marketing,Kolkata,2020
CUST00324,Aarini Subramaniam,Human Resources,Delhi,2020
CUST00325,Hamsini Contractor,IT,Chennai,2015
CUST00326,Faqid Dhaliwal,IT,Delhi,2015
CUST00327,Mekhala Pau,Sales,Chennai,2025
CUST00328,Megha Atwal,Legal,Kolkata,2024
CUST00329,Jatin Sha,Administration,Delhi,2017
CUST00330,Adweta Raj,Administration,Mumbai,2024
CUST00331,Hritik Kaur,Finance,Pune,2024
CUST00332,Aryan Narang,Finance,Mumbai,2017
CUST00333,Dev Shetty,Marketing,Hyderabad,2018
CUST00334,Nilima Dada,Sales,Mumbai,2016
CUST00335,Chakradev Barad,IT,Kolkata,2023
CUST00336,Waida D’Alia,Administration,Bengaluru,2024
CUST00337,Wahab Yogi,Operations,Hyderabad,2025
CUST00338,Lipika Setty,Sales,Delhi,2021
CUST00339,Oni Dubey,Marketing,Hyderabad,2021
CUST00340,Hardik Suri,Marketing,Pune,2020
CUST00341,Ati Bali,Sales,Chennai,2017
CUST00342,Teerth Sawhney,Marketing,Delhi,2020
CUST00343,Warinder Patil,Sales,Noida,2022
CUST00344,Jhalak Parmer,Human Resources,Hyderabad,2022
CUST00345,Mitali Majumdar,Sales,Delhi,2025
CUST00346,Jason Sha,Legal,Delhi,2023
CUST00347,Simon Bail,Sales,Delhi,2015
CUST00348,Gauri Kohli,Marketing,Chennai,2015
CUST00349,Samesh Biswas,Administration,Noida,2017
CUST00350,Tarak Kaul,Legal,Kolkata,2017
CUST00351,Manbir Agate,Marketing,Mumbai,2024
CUST00352,Maanav De,Finance,Delhi,2022
CUST00353,Owen Choudhary,Finance,Bengaluru,2024
CUST00354,Karan Aurora,Administration,Kolkata,2015
CUST00355,Wazir Naik,Administration,Pune,2016
CUST00356,Owen Lanka,Legal,Chennai,2016
CUST00357,Jonathan Sama,Human Resources,Hyderabad,2017
CUST00358,Devansh Soni,Administration,Chennai,2020
CUST00359,Janaki Varghese,Finance,Hyderabad,2015
CUST00360,Siya Thakur,Sales,Chennai,2016
CUST00361,Caleb Verma,Marketing,Hyderabad,2015
CUST00362,Tara Balasubramanian,Finance,Delhi,2019
CUST00363,Varenya Ratti,Finance,Mumbai,2021
CUST00364,Hritik Swaminathan,Human Resources,Hyderabad,2022
CUST00365,Ethan Buch,Legal,Noida,2024
CUST00366,Manbir Bhatti,Legal,Hyderabad,2015
CUST00367,Anvi Nair,IT,Bengaluru,2021
CUST00368,Chaitaly Setty,Human Resources,Hyderabad,2019
CUST00369,Hardik Contractor,Sales,Bengaluru,2024
CUST00370,Qushi Seth,Legal,Pune,2015
CUST00371,Odika Nori,Marketing,Delhi,2017
CUST00372,Mohini Sagar,Administration,Bengaluru,2021
CUST00373,Dhriti Sane,Human Resources,Mumbai,2024
CUST00374,Aadhya Prasad,Administration,Kolkata,2015
CUST00375,Urvi Bhavsar,Finance,Delhi,2021
CUST00376,Frederick Chander,Marketing,Bengaluru,2019
CUST00377,Gopal Pradhan,Marketing,Delhi,2015
CUST00378,Darpan Narayan,Finance,Noida,2015
CUST00379,Nirja Pandya,Human Resources,Delhi,2015
CUST00380,Charan Mani,Finance,Delhi,2025
CUST00381,Indira Chawla,Administration,Pune,2023
CUST00382,Mohammed Subramaniam,IT,Mumbai,2025
CUST00383,Hritik Palla,Marketing,Chennai,2017
CUST00384,Ishwar Mallick,Operations,Chennai,2019
CUST00385,Pushti Bal,Operations,Bengaluru,2025
CUST00386,Ayush Gole,Administration,Delhi,2024
CUST00387,Dayamai Nori,Sales,Bengaluru,2023
CUST00388,Abeer Golla,Legal,Pune,2020
CUST00389,Nandini Boase,Finance,Pune,2023
CUST00390,Azaan Chand,Finance,Hyderabad,2022
CUST00391,Krisha Saini,Sales,Noida,2022
CUST00392,Harita Dugar,Sales,Pune,2015
CUST00393,Devika Nair,Administration,Hyderabad,2023
CUST00394,Charles Dugal,Administration,Mumbai,2020
CUST00395,Chandran Bumb,Sales,Bengaluru,2023
CUST00396,Saanvi Samra,Marketing,Kolkata,2017
CUST00397,Riya Sachdeva,Administration,Mumbai,2017
CUST00398,Tanveer Vala,IT,Pune,2020
CUST00399,Hemani Sani,Administration,Mumbai,2023
CUST00400,Bhanumati Sur,Finance,Mumbai,2021
CUST00401,Chakradev Kannan,Administration,Noida,2017
CUST00402,Christopher Amble,Marketing,Noida,2017
CUST00403,Charvi Kakar,Sales,Noida,2016
CUST00404,Aadhya Mann,Finance,Mumbai,2023
CUST00405,Jagdish Amble,Administration,Pune,2017
CUST00406,Qushi Gill,Marketing,Kolkata,2025
CUST00407,Lajita Walia,IT,Delhi,2019
CUST00408,Xiti Pandya,Administration,Mumbai,2023
CUST00409,Mekhala Basak,Marketing,Hyderabad,2022
CUST00410,Anirudh Sharaf,IT,Pune,2016
CUST00411,Dhriti Sanghvi,Sales,Mumbai,2017
CUST00412,Omisha Mann,Administration,Kolkata,2016
CUST00413,Nidhi Bail,IT,Delhi,2022
CUST00414,Onveer Sharma,Finance,Noida,2020
CUST00415,Gaurang Sarkar,Sales,Pune,2020
CUST00416,Yagnesh Sarin,Finance,Chennai,2023
CUST00417,Farhan Randhawa,Operations,Delhi,2022
CUST00418,Harinakshi Kant,Human Resources,Hyderabad,2018
CUST00419,Om Bose,Administration,Mumbai,2018
CUST00420,Yashvi Hari,IT,Kolkata,2023
CUST00421,Indali Divan,Human Resources,Chennai,2015
CUST00422,Harshil Dhingra,Human Resources,Kolkata,2016
CUST00423,Rudra Ghose,IT,Chennai,2016
CUST00424,Faqid Goel,Sales,Pune,2020
CUST00425,Ucchal Sen,Administration,Chennai,2018
CUST00426,Diya Dora,Operations,Hyderabad,2025
CUST00427,Ekansh Singh,Finance,Hyderabad,2024
CUST00428,Chavvi Maharaj,Marketing,Bengaluru,2017
CUST00429,Indira Tripathi,Finance,Hyderabad,2017
CUST00430,Dayita Shenoy,Marketing,Delhi,2017
CUST00431,Baljiwan Bhandari,Finance,Chennai,2020
CUST00432,Bhavini Bose,IT,Hyderabad,2022
CUST00433,Yashica Rajagopalan,Operations,Pune,2025
CUST00434,Benjamin Sengupta,Administration,Kolkata,2021
CUST00435,Ekanta Soni,Marketing,Noida,2018
CUST00436,David Seshadri,Administration,Kolkata,2025
CUST00437,Hemal Chad,Administration,Bengaluru,2018
CUST00438,Balveer Kota,Administration,Kolkata,2025
CUST00439,Reva Viswanathan,Legal,Chennai,2024
CUST00440,Januja Pradhan,Sales,Bengaluru,2025
CUST00441,Lila Rege,Finance,Chennai,2025
CUST00442,Charles Natt,Administration,Pune,2025
CUST00443,Forum Chandra,Finance,Bengaluru,2016
CUST00444,Bhanumati Krishnan,Administration,Mumbai,2015
CUST00445,Gauri Bumb,Marketing,Delhi,2023
CUST00446,Inaya Mukherjee,Sales,Delhi,2016
CUST00447,Kai Chad,Sales,Chennai,2022
CUST00448,Krisha Narasimhan,IT,Kolkata,2023
CUST00449,Girik Sampath,Legal,Noida,2018
CUST00450,Andrew Patil,IT,Noida,2022
CUST00451,Pranit Kala,IT,Mumbai,2023
CUST00452,Vedika Handa,IT,Bengaluru,2024
CUST00453,Laksh Dubey,IT,Mumbai,2024
CUST00454,Chakrika Chaudhuri,IT,Mumbai,2019
CUST00455,Gayathri Deep,Operations,Kolkata,2021
CUST00456,Mitesh Gaba,Sales,Noida,2024
CUST00457,Noah Sarma,IT,Bengaluru,2018
CUST00458,Nirja Patla,Administration,Pune,2015
CUST00459,Sachi Mane,Sales,Kolkata,2017
CUST00460,Vivaan Walla,Sales,Mumbai,2019
CUST00461,Dayamai Singh,Human Resources,Mumbai,2017
CUST00462,Jhalak Sastry,Operations,Pune,2025
CUST00463,Baghyawati Raja,IT,Mumbai,2021
CUST00464,Neel Iyengar,Finance,Mumbai,2023
CUST00465,Zashil Ben,Marketing,Mumbai,2020
CUST00466,Kamya Chauhan,Legal,Delhi,2024
CUST00467,Bhavani Chacko,Administration,Kolkata,2015
CUST00468,Anjali Sengupta,Finance,Hyderabad,2021
CUST00469,Rajeshri Chand,Operations,Kolkata,2017
CUST00470,Shravya Palla,Marketing,Pune,2019
CUST00471,Oeshi Bera,Operations,Mumbai,2024
CUST00472,Yadavi Prakash,Administration,Kolkata,2018
CUST00473,Libni Bumb,Sales,Delhi,2024
CUST00474,Udarsh Bala,Marketing,Noida,2019
CUST00475,Hardik Nayak,Sales,Pune,2019
CUST00476,Laksh Barad,Administration,Chennai,2020
CUST00477,Urmi Dewan,Finance,Kolkata,2024
CUST00478,Saumya Ahluwalia,Administration,Chennai,2024
CUST00479,Anirudh Kunda,Finance,Mumbai,2025
CUST00480,Mason Wable,Marketing,Delhi,2020
CUST00481,Indrajit Mani,Marketing,Delhi,2022
CUST00482,Charvi Dara,IT,Kolkata,2022
CUST00483,William Saini,Operations,Pune,2025
CUST00484,Dev Choudhry,IT,Pune,2023
CUST00485,Amol Varma,Operations,Delhi,2022
CUST00486,Maanas Manne,IT,Pune,2025
CUST00487,Aarav Pandit,Sales,Delhi,2016
CUST00488,Omaja Grover,Marketing,Kolkata,2024
CUST00489,Jalsa Bir,Finance,Hyderabad,2025
CUST00490,Madhavi Singhal,Operations,Delhi,2015
CUST00491,Lila Prakash,Administration,Chennai,2024
CUST00492,Amol Parikh,Operations,Pune,2016
CUST00493,Hemani Khosla,Finance,Delhi,2016
CUST00494,Gaurangi Deol,IT,Delhi,2017
CUST00495,Indira Nigam,Operations,Kolkata,2024
CUST00496,Ucchal Srinivas,Legal,Pune,2021
CUST00497,Krishna Bhatnagar,Sales,Hyderabad,2016
CUST00498,Balhaar Memon,Marketing,Kolkata,2015
CUST00499,Caleb Iyengar,Finance,Hyderabad,2020
CUST00500,Diya Mukherjee,Marketing,Noida,2023
CUST00501,Urvashi Kulkarni,Legal,Kolkata,2017
CUST00502,Rayaan Mangal,Operations,Pune,2020
CUST00503,Champak Narula,Operations,Bengaluru,2017
CUST00504,Jeet Pillai,Administration,Pune,2015
CUST00505,Mugdha Sarraf,Legal,Pune,2019
CUST00506,Harinakshi Grover,Finance,Hyderabad,2024
CUST00507,Widisha Pillai,Administration,Hyderabad,2025
CUST00508,Fitan Samra,Sales,Pune,2018
CUST00509,Qushi Gole,Administration,Pune,2021
CUST00510,Ekani Chauhan,Human Resources,Pune,2020
CUST00511,Falak Merchant,Finance,Hyderabad,2024
CUST00512,Sanaya Sandhu,Human Resources,Pune,2021
CUST00513,Sachi Panchal,Legal,Pune,2019
CUST00514,Brijesh Pandit,IT,Noida,2018
CUST00515,Anvi Bhandari,Human Resources,Mumbai,2021
CUST00516,Nidra Patla,Sales,Bengaluru,2021
CUST00517,Azaan Dhar,Administration,Chennai,2020
CUST00518,Bakhshi Date,IT,Bengaluru,2022
CUST00519,Warinder Peri,Administration,Mumbai,2018
CUST00520,Leela Bali,Human Resources,Chennai,2024
CUST00521,Shivani Prabhakar,Administration,Kolkata,2019
CUST00522,Sachi Bose,Legal,Pune,2018
CUST00523,Jeevika Rao,IT,Mumbai,2015
CUST00524,Arya Krish,Legal,Noida,2022
CUST00525,Atharv Grewal,Human Resources,Kolkata,2015
CUST00526,Zarna Ram,Legal,Pune,2019
CUST00527,Adweta Lad,Sales,Hyderabad,2020
CUST00528,Tanish Mangal,Human Resources,Delhi,2020
CUST00529,Ryan Das,Human Resources,Mumbai,2019
CUST00530,Ethan Seth,Human Resources,Hyderabad,2017
CUST00531,Sai Chahal,Finance,Mumbai,2019
CUST00532,Idika Bhattacharyya,Administration,Noida,2022
CUST00533,Charita Dugar,Finance,Mumbai,2016
CUST00534,Janaki Trivedi,Finance,Hyderabad,2020
CUST00535,Jairaj Iyer,Sales,Noida,2023
CUST00536,Warjas Tak,IT,Chennai,2022
CUST00537,Jalsa Pillay,Administration,Bengaluru,2025
CUST00538,Kai Chadha,Legal,Pune,2022
CUST00539,Dayamai Rao,Operations,Mumbai,2022
CUST00540,Nirja Rout,Human Resources,Pune,2021
CUST00541,Jeremiah Nadig,Legal,Delhi,2022
CUST00542,Shivani Shukla,Human Resources,Hyderabad,2020
CUST00543,Kabir Gopal,Sales,Pune,2016
CUST00544,Rachita Thakkar,Human Resources,Hyderabad,2016
CUST00545,Jeet Vasa,Finance,Pune,2022
CUST00546,Daksha Gala,Administration,Bengaluru,2025
CUST00547,Ekantika Kar,Operations,Bengaluru,2015
CUST00548,Zilmil Mander,Marketing,Noida,2020
CUST00549,Zashil Hegde,Human Resources,Bengaluru,2020
CUST00550,Jeremiah Mitter,Legal,Noida,2025
CUST00551,Yadavi Ganguly,Finance,Bengaluru,2018
CUST00552,Onveer Nazareth,Marketing,Bengaluru,2025
CUST00553,Ayush Bumb,Operations,Bengaluru,2025
CUST00554,Alka Kade,Marketing,Hyderabad,2024
CUST00555,Azaan Tank,Finance,Mumbai,2017
CUST00556,Chasmum Subramanian,Administration,Noida,2025
CUST00557,Nidra Mishra,Administration,Pune,2017
CUST00558,Elijah Bhasin,IT,Bengaluru,2015
CUST00559,Ria Sagar,Administration,Hyderabad,2017
CUST00560,Ucchal Jani,IT,Hyderabad,2018
CUST00561,Maanas Munshi,Marketing,Hyderabad,2025
CUST00562,Hemani Rastogi,Sales,Noida,2025
CUST00563,Kamala Varma,Legal,Mumbai,2019
CUST00564,Eiravati Khurana,Legal,Noida,2017
CUST00565,Jason Loke,Marketing,Pune,2020
CUST00566,Yug Dhaliwal,Human Resources,Mumbai,2025
CUST00567,Chandresh Mannan,Human Resources,Chennai,2019
CUST00568,Omya Kothari,Administration,Kolkata,2017
CUST00569,Falak Munshi,Legal,Hyderabad,2020
CUST00570,Nathaniel Tara,Legal,Noida,2020
CUST00571,Wishi Morar,IT,Chennai,2022
CUST00572,Arin Chana,Sales,Delhi,2016
CUST00573,Yashasvi Shankar,Finance,Noida,2015
CUST00574,Tanveer Pandit,Human Resources,Bengaluru,2018
CUST00575,Chandresh Manda,Legal,Kolkata,2021
CUST00576,Upma Mangal,IT,Bengaluru,2025
CUST00577,Hritik Sankar,Operations,Mumbai,2024
CUST00578,Aishani Pau,IT,Kolkata,2017
CUST00579,Jasmit Bath,Human Resources,Noida,2017
CUST00580,Charan Hayer,Human Resources,Pune,2019
CUST00581,Bhavya Borah,IT,Chennai,2019
CUST00582,Yamini Seshadri,Finance,Pune,2024
CUST00583,Jagat Dave,Marketing,Noida,2017
CUST00584,Meera Prakash,Human Resources,Mumbai,2023
CUST00585,Jasmit Dhawan,IT,Bengaluru,2018
CUST00586,Yashodhara Ratti,Legal,Kolkata,2017
CUST00587,Chakradev Barad,IT,Pune,2025
CUST00588,Gauri Som,Sales,Noida,2016
CUST00589,Manthan Varma,Marketing,Pune,2024
CUST00590,Falak Nagar,Operations,Noida,2025
CUST00591,Maya Mistry,Finance,Bengaluru,2023
CUST00592,Yashica Upadhyay,Administration,Kolkata,2018
CUST00593,Chandani Soman,Operations,Chennai,2017
CUST00594,Jyoti Narula,Marketing,Bengaluru,2021
CUST00595,Omaja Morar,Marketing,Pune,2022
CUST00596,Urvi Lanka,Marketing,Chennai,2025
CUST00597,Charan Srinivasan,Operations,Noida,2016
CUST00598,Lajita Divan,Legal,Chennai,2021
CUST00599,Azad Choudhary,Marketing,Noida,2019
CUST00600,Anirudh Sastry,IT,Bengaluru,2025
CUST00601,Omya Doshi,Operations,Pune,2019
CUST00602,Samar Roy,Administration,Mumbai,2017
CUST00603,David Devi,Marketing,Pune,2019
CUST00604,Ekta Sridhar,IT,Noida,2016
CUST00605,Dipta Ghose,Legal,Hyderabad,2018
CUST00606,Hema Pandya,Sales,Kolkata,2020
CUST00607,Veda Handa,Legal,Delhi,2015
CUST00608,Arya Misra,Administration,Mumbai,2024
CUST00609,Chameli Mani,Marketing,Chennai,2018
CUST00610,Vrinda Nadig,Administration,Mumbai,2020
CUST00611,Ikshita Mahal,Operations,Kolkata,2023
CUST00612,Jairaj Raghavan,Human Resources,Chennai,2025
CUST00613,Hemani Dhingra,Marketing,Kolkata,2025
CUST00614,Brijesh Mani,Human Resources,Chennai,2016
CUST00615,Hiral Sathe,IT,Mumbai,2025
CUST00616,Varenya Kala,Sales,Chennai,2021
CUST00617,Anika Magar,Finance,Chennai,2020
CUST00618,Ikbal Khatri,Administration,Hyderabad,2016
CUST00619,Chandresh Wali,Legal,Pune,2022
CUST00620,Viraj Ben,Sales,Pune,2021
CUST00621,Odika Narayanan,Marketing,Delhi,2025
CUST00622,Harish Devan,Human Resources,Delhi,2019
CUST00623,Nakul Ray,Legal,Noida,2019
CUST00624,Vansha Iyengar,Human Resources,Noida,2021
CUST00625,Ekani Mangal,Operations,Noida,2023
CUST00626,Gaurav Kata,Human Resources,Hyderabad,2025
CUST00627,Parth Sahni,Operations,Delhi,2023
CUST00628,Balhaar Ranganathan,IT,Kolkata,2023
CUST00629,Quincy Mann,Legal,Noida,2020
CUST00630,Aditya Misra,Legal,Noida,2024
CUST00631,Gautami Mane,Finance,Mumbai,2020
CUST00632,Wakeeta Desai,Marketing,Bengaluru,2017
CUST00633,Anjali Hans,Operations,Kolkata,2015
CUST00634,Ganga Gaba,Finance,Noida,2021
CUST00635,Aarini Grewal,Human Resources,Noida,2018
CUST00636,Geetika Merchant,Human Resources,Noida,2015
CUST00637,Parth Ravi,Finance,Bengaluru,2022
CUST00638,Yutika Narang,Legal,Bengaluru,2020
CUST00639,Nandini Chandran,Human Resources,Hyderabad,2020
CUST00640,Logan Sood,Administration,Kolkata,2016
CUST00641,Yuvraj Ahuja,IT,Hyderabad,2015
CUST00642,Leela Keer,IT,Chennai,2016
CUST00643,Amara Narayan,Administration,Bengaluru,2018
CUST00644,Advay Lal,Finance,Mumbai,2016
CUST00645,Warinder Bhatia,Administration,Delhi,2015
CUST00646,Udyati Mohanty,Operations,Mumbai,2021
CUST00647,Nidra Thakkar,Operations,Delhi,2025
CUST00648,Jacob Merchant,Finance,Bengaluru,2025
CUST00649,Timothy Kanda,Administration,Bengaluru,2022
CUST00650,Vanya Dua,Operations,Bengaluru,2020
CUST00651,Kashvi Sagar,Legal,Hyderabad,2018
CUST00652,Tejas Kota,Administration,Kolkata,2020
CUST00653,Sanya Wable,Legal,Delhi,2017
CUST00654,Faras Choudhury,Operations,Kolkata,2022
CUST00655,Yashasvi Jain,IT,Hyderabad,2024
CUST00656,Nitesh Narang,Operations,Hyderabad,2016
CUST00657,Jackson Jha,Legal,Pune,2019
CUST00658,Gavin Uppal,Sales,Mumbai,2015
CUST00659,Christopher Setty,Marketing,Mumbai,2020
CUST00660,Yochana Sagar,Human Resources,Chennai,2016
CUST00661,Dalbir Shere,Administration,Noida,2018
CUST00662,Anthony Randhawa,Sales,Hyderabad,2020
CUST00663,Aarush Kamdar,Operations,Delhi,2024
CUST00664,Chakradev Sampath,IT,Pune,2025
CUST00665,Devansh Bhasin,Finance,Pune,2022
CUST00666,Urmi Balay,Operations,Noida,2022
CUST00667,Nilima Gole,IT,Kolkata,2025
CUST00668,Osha Prasad,Marketing,Noida,2020
CUST00669,Saumya Purohit,Operations,Noida,2018
CUST00670,Faris Zacharia,Legal,Noida,2022
CUST00671,Ijaya Dani,Finance,Mumbai,2022
CUST00672,Maya Wadhwa,IT,Hyderabad,2024
CUST00673,Udant Aggarwal,IT,Chennai,2015
CUST00674,Chanchal Sheth,IT,Hyderabad,2018
CUST00675,Ladli Karpe,Marketing,Kolkata,2018
CUST00676,Triveni Pal,Operations,Bengaluru,2021
CUST00677,Anya Gulati,Marketing,Noida,2025
CUST00678,Azad Saini,Administration,Hyderabad,2021
CUST00679,Wridesh Jhaveri,Human Resources,Kolkata,2025
CUST00680,Harrison Bandi,Human Resources,Bengaluru,2022
CUST00681,Chanakya Konda,Administration,Bengaluru,2025
CUST00682,Neelima Sarna,Operations,Noida,2019
CUST00683,Teerth Bhalla,Legal,Chennai,2021
CUST00684,Yahvi Mann,Marketing,Delhi,2022
CUST00685,Eiravati Nagi,Finance,Mumbai,2023
CUST00686,Chasmum Dhar,IT,Hyderabad,2017
CUST00687,Odika Mital,IT,Bengaluru,2017
CUST00688,Darsh Gill,Operations,Hyderabad,2018
CUST00689,Warhi Batta,Legal,Delhi,2019
CUST00690,Lakshmi Vohra,Human Resources,Mumbai,2024
CUST00691,Omaja Rege,Human Resources,Delhi,2015
CUST00692,Charita Puri,IT,Mumbai,2021
CUST00693,Urvashi Khosla,Operations,Pune,2023
CUST00694,Charita Dhawan,Marketing,Mumbai,2022
CUST00695,Dalbir Sachar,Human Resources,Noida,2019
CUST00696,Krish Rama,Marketing,Chennai,2018
CUST00697,Aadhya Jani,Legal,Delhi,2021
CUST00698,Farhan Sengupta,Human Resources,Bengaluru,2019
CUST00699,George Wason,Human Resources,Noida,2021
CUST00700,Charan Loyal,Sales,Pune,2015
CUST00701,Balveer Bora,Human Resources,Chennai,2015
CUST00702,Teerth Srinivas,Administration,Hyderabad,2024
CUST00703,Gaurangi Mitter,Finance,Noida,2017
CUST00704,Siddharth Gupta,Administration,Delhi,2025
CUST00705,Varenya Kibe,Operations,Kolkata,2016
CUST00706,Mekhala Khatri,Operations,Kolkata,2016
CUST00707,Barkha Rai,Marketing,Bengaluru,2021
CUST00708,Jagrati Morar,Administration,Mumbai,2024
CUST00709,Jagvi Varghese,Administration,Bengaluru,2016
CUST00710,Unnati Chaudhari,Administration,Kolkata,2025
CUST00711,Ekaja Jani,Legal,Hyderabad,2018
CUST00712,Dhriti Sachdev,Human Resources,Pune,2016
CUST00713,Timothy Dhingra,Finance,Pune,2020
CUST00714,Advika Sahni,Marketing,Delhi,2022
CUST00715,Michael Hayre,Administration,Pune,2024
CUST00716,Victor Raghavan,Administration,Delhi,2018
CUST00717,Xalak Nazareth,Sales,Noida,2019
CUST00718,Vrinda Swaminathan,Marketing,Delhi,2018
CUST00719,Om Pandey,Administration,Noida,2017
CUST00720,Logan Suresh,Marketing,Delhi,2019
CUST00721,Daniel Viswanathan,Human Resources,Kolkata,2023
CUST00722,Falan Bava,Sales,Kolkata,2022
CUST00723,Nitara Devan,Marketing,Mumbai,2022
CUST00724,Ekansh Dora,Finance,Noida,2022
CUST00725,Tejas Tiwari,Finance,Chennai,2022
CUST00726,Kashvi Bhasin,Operations,Noida,2021
CUST00727,Vinaya Babu,Sales,Delhi,2022
CUST00728,Nisha Arora,Sales,Delhi,2025
CUST00729,Anvi Wason,Operations,Chennai,2022
CUST00730,Anay Thakkar,Marketing,Bengaluru,2022
CUST00731,Praneel Chhabra,Sales,Delhi,2024
CUST00732,Manthan Khosla,Finance,Mumbai,2021
CUST00733,Zayyan Pandya,Finance,Pune,2015
CUST00734,Mekhala Brar,Administration,Pune,2018
CUST00735,Nidra Sharaf,Human Resources,Hyderabad,2018
CUST00736,Upkaar Mital,Sales,Hyderabad,2019
CUST00737,Azad Chander,Marketing,Pune,2024
CUST00738,Ladli Purohit,Operations,Pune,2020
CUST00739,Daksh Andra,Operations,Kolkata,2018
CUST00740,Fitan Tata,Marketing,Mumbai,2016
CUST00741,Garima Chandran,Legal,Chennai,2020
CUST00742,Victor Kakar,IT,Hyderabad,2022
CUST00743,Anika Batra,Human Resources,Kolkata,2022
CUST00744,Avni Bali,Operations,Kolkata,2021
CUST00745,Divya Babu,Sales,Chennai,2020
CUST00746,Maanas Rao,Human Resources,Kolkata,2016
CUST00747,Chandani Gaba,Sales,Noida,2021
CUST00748,Lopa Zachariah,Legal,Mumbai,2025
CUST00749,Leena Dey,Finance,Pune,2019
CUST00750,Xiti Pal,Human Resources,Delhi,2020
CUST00751,Guneet Sarkar,Administration,Chennai,2024
CUST00752,Faqid Oak,Operations,Pune,2022
CUST00753,Eta Balan,Human Resources,Pune,2022
CUST00754,Shravya Swaminathan,Human Resources,Bengaluru,2017
CUST00755,Ishani Prashad,Human Resources,Noida,2021
CUST00756,Quincy Rai,IT,Chennai,2015
CUST00757,Chakrika Koshy,Human Resources,Kolkata,2015
CUST00758,Fitan Loyal,Sales,Delhi,2021
CUST00759,Lajita Dube,Finance,Chennai,2024
CUST00760,Edhitha Patel,Legal,Kolkata,2023
CUST00761,Gavin Ahluwalia,Marketing,Pune,2021
CUST00762,Sai Parsa,Human Resources,Delhi,2024
CUST00763,Harsh Deo,Operations,Kolkata,2019
CUST00764,Rachit Sankar,Human Resources,Mumbai,2022
CUST00765,Yauvani Reddy,Operations,Kolkata,2016
CUST00766,Atharv Chakraborty,Sales,Bengaluru,2023
CUST00767,Girik Nair,Operations,Noida,2020
CUST00768,Advik Manne,Administration,Pune,2023
CUST00769,Lipika Chad,Marketing,Kolkata,2016
CUST00770,Omkaar Rai,Finance,Noida,2017
CUST00771,Liam Luthra,Operations,Hyderabad,2022
CUST00772,Amrita Tailor,Operations,Hyderabad,2015
CUST00773,Dev Ganesh,Finance,Noida,2024
CUST00774,Anya Sama,Marketing,Noida,2021
CUST00775,Veda Bose,Human Resources,Bengaluru,2021
CUST00776,Zayan Koshy,Operations,Mumbai,2015
CUST00777,Rohan Shankar,Finance,Pune,2023
CUST00778,Krishna Modi,Administration,Chennai,2022
CUST00779,Meghana Natarajan,Administration,Bengaluru,2018
CUST00780,Forum Sarraf,Sales,Mumbai,2024
CUST00781,Qushi Deshpande,Finance,Noida,2025
CUST00782,Ekani Iyer,Sales,Chennai,2019
CUST00783,Dipta Goel,Administration,Noida,2016
CUST00784,Eiravati Manne,Marketing,Noida,2023
CUST00785,Xavier Nanda,Human Resources,Hyderabad,2020
CUST00786,Avni Ramaswamy,Finance,Hyderabad,2017
CUST00787,Ishaan Iyengar,Legal,Chennai,2021
CUST00788,Avi Shenoy,Administration,Bengaluru,2023
CUST00789,Raksha Manne,Administration,Hyderabad,2017
CUST00790,Nilima Tata,Legal,Pune,2016
CUST00791,Chavvi Khurana,IT,Noida,2021
CUST00792,Mitesh Sampath,Administration,Delhi,2021
CUST00793,Ethan Sen,Operations,Kolkata,2018
CUST00794,Nandini Warrior,Marketing,Chennai,2025
CUST00795,Balhaar Parsa,Finance,Chennai,2023
CUST00796,Ikbal Kothari,Legal,Hyderabad,2022
CUST00797,Ojas Basu,Operations,Bengaluru,2015
CUST00798,Garima Sani,Legal,Noida,2015
CUST00799,Advaith Chaudhari,Finance,Pune,2019
CUST00800,Tristan Uppal,Sales,Bengaluru,2020
CUST00801,Sanaya Prasad,Finance,Mumbai,2017
CUST00802,Ubika Tella,IT,Mumbai,2023
CUST00803,Hemani Bakshi,Finance,Delhi,2024
CUST00804,Henry Merchant,Finance,Hyderabad,2020
CUST00805,Frederick D’Alia,IT,Hyderabad,2018
CUST00806,Ijaya Muni,Marketing,Hyderabad,2021
CUST00807,Tamanna Jhaveri,Administration,Delhi,2022
CUST00808,Ijaya Soni,Finance,Mumbai,2023
CUST00809,Raksha Sethi,IT,Bengaluru,2025
CUST00810,Ekalinga Mital,Operations,Delhi,2020
CUST00811,Ishwar Bajaj,Sales,Delhi,2020
CUST00812,Ikbal Gala,Sales,Bengaluru,2022
CUST00813,Zaitra Ghosh,Finance,Hyderabad,2019
CUST00814,Ganga Sandhu,Marketing,Pune,2017
CUST00815,Vincent Ravel,Marketing,Bengaluru,2017
CUST00816,Quincy Sankaran,Operations,Mumbai,2020
CUST00817,Ayush Hora,Finance,Chennai,2016
CUST00818,Pushti Ramachandran,Sales,Noida,2020
CUST00819,Tanish Jha,Marketing,Chennai,2020
CUST00820,Dev Chaudry,Finance,Kolkata,2022
CUST00821,Jasmit Nanda,Legal,Kolkata,2021
CUST00822,Tanvi Comar,Marketing,Delhi,2022
CUST00823,Vrishti Wable,IT,Noida,2023
CUST00824,Lipika Ramanathan,Legal,Chennai,2020
CUST00825,Ijaya Pandey,Administration,Pune,2017
CUST00826,Orinder Mishra,Marketing,Hyderabad,2024
CUST00827,Krish Munshi,Sales,Mumbai,2017
CUST00828,William Mody,Human Resources,Kolkata,2025
CUST00829,Qadim Prakash,Legal,Pune,2015
CUST00830,Yasti Rama,Administration,Mumbai,2025
CUST00831,Lakshit Rajagopal,Operations,Mumbai,2019
CUST00832,Quincy Sur,Operations,Hyderabad,2018
CUST00833,Ojas Suri,Sales,Noida,2023
CUST00834,Logan Grover,Marketing,Delhi,2023
CUST00835,Shravya Bera,Finance,Chennai,2019
CUST00836,Aditya Sundaram,Marketing,Hyderabad,2024
CUST00837,Robert Rajagopalan,Sales,Pune,2018
CUST00838,Nilima Swamy,Operations,Delhi,2021
CUST00839,Sachi Suresh,Marketing,Pune,2020
CUST00840,Fitan Balasubramanian,Operations,Delhi,2018
CUST00841,Brinda Bali,Legal,Noida,2024
CUST00842,Umang Yogi,Administration,Kolkata,2016
CUST00843,Om Shankar,Finance,Pune,2015
CUST00844,Yasti Chowdhury,Legal,Hyderabad,2018
CUST00845,Amrita Peri,Operations,Delhi,2018
CUST00846,Ridhi Kamdar,Operations,Delhi,2015
CUST00847,Harsh Kota,Human Resources,Mumbai,2020
CUST00848,Bachittar Sengupta,Human Resources,Mumbai,2018
CUST00849,Ijaya Chahal,Legal,Bengaluru,2015
CUST00850,Jacob Khalsa,IT,Pune,2015
CUST00851,Indali Sangha,Legal,Mumbai,2015
CUST00852,Liam Jhaveri,Human Resources,Bengaluru,2022
CUST00853,Daniel Panchal,Operations,Kolkata,2024
CUST00854,Om Naik,Sales,Kolkata,2022
CUST00855,Bimala Loke,Legal,Mumbai,2016
CUST00856,Krishna Sabharwal,Operations,Pune,2025
CUST00857,Aradhana Date,Sales,Delhi,2021
CUST00858,Zaid Dhingra,Sales,Chennai,2022
CUST00859,Yug Ramaswamy,Human Resources,Noida,2022
CUST00860,Lucky Luthra,Legal,Pune,2025
CUST00861,Keya Seth,Marketing,Noida,2024
CUST00862,Girik Rau,Finance,Hyderabad,2025
CUST00863,Jyoti Sha,Human Resources,Kolkata,2021
CUST00864,Falak Agate,Human Resources,Mumbai,2019
CUST00865,Tara Parmar,Marketing,Mumbai,2015
CUST00866,Mitali Kamdar,Finance,Noida,2023
CUST00867,Siddharth Talwar,Operations,Delhi,2021
CUST00868,Ekantika Mander,IT,Noida,2016
CUST00869,Kalpit Sundaram,Legal,Hyderabad,2020
CUST00870,Chanakya Batra,IT,Delhi,2016
CUST00871,Tripti Babu,Operations,Hyderabad,2015
CUST00872,Nakul Sastry,Administration,Chennai,2021
CUST00873,Aadi Sangha,Human Resources,Kolkata,2016
CUST00874,Kevin Mittal,Finance,Mumbai,2016
CUST00875,Anusha Chander,Human Resources,Mumbai,2025
CUST00876,Zashil Butala,Sales,Chennai,2019
CUST00877,Noah Ben,Human Resources,Bengaluru,2019
CUST00878,Dalaja Kaur,Human Resources,Kolkata,2021
CUST00879,Gavin Chandran,Operations,Delhi,2015
CUST00880,Tanay Sood,Operations,Chennai,2022
CUST00881,Kevin Kara,Operations,Delhi,2017
CUST00882,Aditya Anand,IT,Noida,2018
CUST00883,Jai Sami,Sales,Pune,2023
CUST00884,Vanya Bobal,Administration,Mumbai,2018
CUST00885,Leela Chakraborty,Administration,Delhi,2024
CUST00886,Harshil Munshi,Operations,Hyderabad,2019
CUST00887,Chandani Devan,Finance,Delhi,2021
CUST00888,Kiaan Dhar,IT,Pune,2018
CUST00889,Abhiram Gala,Marketing,Kolkata,2015
CUST00890,Indali Kala,Finance,Mumbai,2023
CUST00891,Nisha Savant,Legal,Noida,2018
CUST00892,Gabriel Chaudhry,Legal,Chennai,2023
CUST00893,Jatin Rajagopalan,Finance,Noida,2020
CUST00894,Pushti Murty,Operations,Pune,2015
CUST00895,Yug Malhotra,Marketing,Mumbai,2017
CUST00896,Yuvraj Mane,Marketing,Delhi,2025
CUST00897,Charvi Jha,IT,Kolkata,2016
CUST00898,Manya Merchant,Marketing,Bengaluru,2023
CUST00899,Wriddhish Talwar,Legal,Kolkata,2015
CUST00900,Isaiah Khosla,Sales,Bengaluru,2023
CUST00901,Ekavir Wable,Operations,Hyderabad,2023
CUST00902,Jalsa Nadig,Marketing,Kolkata,2022
CUST00903,Lila Salvi,IT,Mumbai,2022
CUST00904,Orinder Sinha,Legal,Bengaluru,2025
CUST00905,Anay Bir,Sales,Chennai,2015
CUST00906,Adweta Kale,Human Resources,Mumbai,2025
CUST00907,Darpan Rao,Human Resources,Chennai,2022
CUST00908,Yachana Sagar,Sales,Kolkata,2024
CUST00909,Neelima Butala,Legal,Chennai,2017
CUST00910,Arunima Chacko,IT,Bengaluru,2025
CUST00911,Farhan Vaidya,Sales,Mumbai,2021
CUST00912,Nachiket Yadav,Operations,Delhi,2025
CUST00913,Mahika Bhatti,Operations,Pune,2015
CUST00914,Rajeshri Khare,Human Resources,Bengaluru,2015
CUST00915,Yash Chadha,Marketing,Bengaluru,2024
CUST00916,Jack Setty,IT,Delhi,2019
CUST00917,Dayamai Gill,Human Resources,Mumbai,2019
CUST00918,Advik Devan,Marketing,Mumbai,2022
CUST00919,Nihal Taneja,Marketing,Noida,2021
CUST00920,Zansi Lad,Administration,Kolkata,2022
CUST00921,Kamya Date,Operations,Chennai,2020
CUST00922,Jacob Balan,Legal,Kolkata,2020
CUST00923,Pushti Magar,Finance,Delhi,2016
CUST00924,Adya Bose,Legal,Kolkata,2020
CUST00925,Tamanna Vaidya,Finance,Delhi,2019
CUST00926,Christopher Tata,Sales,Mumbai,2017
CUST00927,Jhalak Dugar,Operations,Chennai,2020
CUST00928,Harshil D’Alia,Marketing,Kolkata,2022
CUST00929,Yashodhara Agate,IT,Bengaluru,2023
CUST00930,Advik Konda,Finance,Hyderabad,2015
CUST00931,Urmi Patla,Legal,Noida,2017
CUST00932,Mason Gola,Marketing,Pune,2017
CUST00933,Oni Kapur,Finance,Bengaluru,2025
CUST00934,Yuvraj Saha,Finance,Mumbai,2022
CUST00935,Anika Brahmbhatt,Administration,Pune,2015
CUST00936,Jagdish Thakkar,Finance,Hyderabad,2019
CUST00937,Praneel Kapoor,IT,Hyderabad,2017
CUST00938,Nandini Biswas,Operations,Chennai,2016
CUST00939,Barkha Mukhopadhyay,IT,Pune,2022
CUST00940,Gabriel Shan,Human Resources,Chennai,2017
CUST00941,Jyoti Iyer,Marketing,Bengaluru,2021
CUST00942,Daksha Kibe,Operations,Delhi,2025
CUST00943,Jyoti Tak,Administration,Delhi,2015
CUST00944,Yatan Dora,Operations,Delhi,2020
CUST00945,Nimrat Bajwa,Operations,Pune,2017
CUST00946,Hiral Andra,Legal,Delhi,2022
CUST00947,Aarav Puri,Operations,Bengaluru,2020
CUST00948,Hemang Jha,Administration,Chennai,2016
CUST00949,Oni Swamy,IT,Pune,2020
CUST00950,Lucky Mammen,Operations,Chennai,2021
CUST00951,Caleb Kata,Sales,Pune,2019
CUST00952,Kashish Shanker,Marketing,Chennai,2017
CUST00953,Girish Tiwari,Operations,Hyderabad,2018
CUST00954,Meera Borde,Marketing,Chennai,2018
CUST00955,Radhika De,Sales,Delhi,2020
CUST00956,Bishakha Lal,Sales,Hyderabad,2024
CUST00957,Maya Narain,Marketing,Chennai,2015
CUST00958,Sneha Magar,Finance,Pune,2025
CUST00959,Falan Jain,Human Resources,Pune,2018
CUST00960,Ikbal Dugal,Legal,Noida,2024
CUST00961,Nitesh Sengupta,Finance,Pune,2018
CUST00962,Dipta Ray,Finance,Mumbai,2024
CUST00963,Ishita Johal,IT,Bengaluru,2015
CUST00964,Darika Sheth,Legal,Pune,2023
CUST00965,Jagdish Chana,Legal,Hyderabad,2018
CUST00966,Daksha Baria,Finance,Noida,2021
CUST00967,Falak Divan,Operations,Pune,2017
CUST00968,Yuvraj Parekh,IT,Mumbai,2024
CUST00969,Yochana Bawa,IT,Delhi,2017
CUST00970,Abha Ghosh,Sales,Hyderabad,2022
CUST00971,Nidhi Sethi,Administration,Mumbai,2022
CUST00972,Girindra Shere,Legal,Delhi,2025
CUST00973,Logan Dara,Finance,Kolkata,2015
CUST00974,David Kapadia,Sales,Kolkata,2024
CUST00975,Rudra Rattan,Marketing,Hyderabad,2016
CUST00976,Frado Lad,Human Resources,Chennai,2022
CUST00977,Anthony Bhattacharyya,Administration,Bengaluru,2015
CUST00978,Sachi Dave,Administration,Noida,2022
CUST00979,Garima Das,Administration,Bengaluru,2022
CUST00980,Triya Bedi,IT,Mumbai,2016
CUST00981,Rachita Rana,Marketing,Delhi,2018
CUST00982,Ayushman Raja,Administration,Bengaluru,2020
CUST00983,Orinder Pandya,Marketing,Delhi,2025
CUST00984,Rachit Maharaj,Operations,Delhi,2023
CUST00985,Sanaya Dixit,Administration,Mumbai,2022
CUST00986,Yatan Merchant,Human Resources,Mumbai,2022
CUST00987,Nisha Srinivas,Marketing,Mumbai,2021
CUST00988,Gagan Mammen,Marketing,Bengaluru,2023
CUST00989,Laksh Saini,Human Resources,Kolkata,2016
CUST00990,Zaid Bahl,Administration,Mumbai,2017
CUST00991,Jagrati Srinivasan,Human Resources,Noida,2024
CUST00992,Hemangini Thakkar,Marketing,Bengaluru,2022
CUST00993,Lipika Madan,Human Resources,Mumbai,2020
CUST00994,Atharv Nagar,Marketing,Pune,2024
CUST00995,Ayushman Mand,Marketing,Delhi,2023
CUST00996,Urmi Wagle,Operations,Noida,2024
CUST00997,Viraj Dutta,Finance,Mumbai,2018
CUST00998,Yug Khosla,Marketing,Hyderabad,2022
CUST00999,Daksh Kanda,Administration,Delhi,2024
CUST01000,Isha Ghose,Sales,Delhi,2017
CUST01001,Warjas Nadkarni,IT,Mumbai,2017
CUST01002,Ayaan Pandey,Legal,Kolkata,2022
CUST01003,Raghav Tailor,Finance,Chennai,2019
CUST01004,Parth Swaminathan,Finance,Kolkata,2017
CUST01005,Gautam Bhalla,Finance,Mumbai,2024
CUST01006,Theodore Bahri,Operations,Delhi,2025
CUST01007,Aadi Narula,Marketing,Noida,2015
CUST01008,Kalpit Oak,Operations,Hyderabad,2017
CUST01009,Ekiya Bhargava,Marketing,Noida,2023
CUST01010,Manbir Dhar,Administration,Noida,2019
CUST01011,Janya Bora,Operations,Delhi,2024
CUST01012,Meghana Chaudhuri,Operations,Kolkata,2016
CUST01013,Chasmum Naidu,IT,Hyderabad,2021
CUST01014,Nakul Sarkar,Sales,Bengaluru,2016
CUST01015,Edhitha Ghosh,Operations,Pune,2018
CUST01016,Udant Gill,IT,Delhi,2021
CUST01017,Damyanti Menon,Human Resources,Mumbai,2018
CUST01018,Peter Agarwal,Sales,Bengaluru,2021
CUST01019,Bachittar Gopal,Administration,Pune,2021
CUST01020,Timothy Chawla,Operations,Mumbai,2015
CUST01021,Lohit Narula,Legal,Noida,2020
CUST01022,Wazir Palan,Finance,Chennai,2023
CUST01023,Oliver Chakrabarti,Human Resources,Mumbai,2016
CUST01024,Sanya Apte,Human Resources,Hyderabad,2017
CUST01025,Shaurya Krish,Administration,Hyderabad,2024
CUST01026,Inaya Kunda,IT,Chennai,2019
CUST01027,Aarav Bava,Human Resources,Bengaluru,2023
CUST01028,Raksha Saini,Sales,Pune,2018
CUST01029,Odika Tailor,Operations,Mumbai,2015
CUST01030,Indali Prashad,Operations,Hyderabad,2018
CUST01031,Varenya Kar,Legal,Bengaluru,2020
CUST01032,Siya Borah,Administration,Chennai,2019
CUST01033,Chaitaly Bahri,Finance,Kolkata,2015
CUST01034,Advika Cheema,IT,Delhi,2018
CUST01035,Hema Garde,Finance,Kolkata,2020
CUST01036,Naveen Borde,Human Resources,Kolkata,2024
CUST01037,Hamsini Subramanian,Administration,Hyderabad,2024
CUST01038,Raagini Gala,Legal,Noida,2018
CUST01039,Naksh Bera,Finance,Noida,2023
CUST01040,Garima Jha,Sales,Chennai,2019
CUST01041,Nimrat Zachariah,Operations,Mumbai,2022
CUST01042,Baghyawati Mishra,Human Resources,Noida,2023
CUST01043,Gopal Bawa,Legal,Kolkata,2024
CUST01044,Vritti Dube,Finance,Noida,2019
CUST01045,Jalsa Aggarwal,IT,Kolkata,2020
CUST01046,Gagan Menon,Sales,Pune,2015
CUST01047,Ryan Chatterjee,Sales,Hyderabad,2025
CUST01048,Samuel Garde,Finance,Hyderabad,2021
CUST01049,Finn Solanki,Operations,Mumbai,2018
CUST01050,Darika Rao,Finance,Noida,2025
CUST01051,Vrinda Lanka,Human Resources,Noida,2016
CUST01052,Lila Goyal,Finance,Delhi,2019
CUST01053,Lakshmi Pingle,Sales,Bengaluru,2017
CUST01054,Sanaya Basu,Legal,Pune,2020
CUST01055,Ria Shroff,Finance,Hyderabad,2022
CUST01056,Upkaar Luthra,Operations,Pune,2021
CUST01057,Matthew Chatterjee,Administration,Hyderabad,2017
CUST01058,Hemangini Sachdev,Legal,Pune,2022
CUST01059,Darsh Ram,IT,Chennai,2016
CUST01060,Vaishnavi Keer,Marketing,Kolkata,2024
CUST01061,Chandani Brar,Finance,Hyderabad,2023
CUST01062,Bakhshi Thakkar,Operations,Pune,2018
CUST01063,Jai Sen,Legal,Noida,2015
CUST01064,Oliver Kakar,Operations,Bengaluru,2022
CUST01065,Jonathan Basak,IT,Chennai,2021
CUST01066,Farhan Saran,Sales,Chennai,2025
CUST01067,Manbir Kuruvilla,Operations,Bengaluru,2019
CUST01068,Ekalinga Chahal,Legal,Pune,2024
CUST01069,Mekhala Nanda,Operations,Noida,2019
CUST01070,Zinal Shanker,Operations,Mumbai,2021
CUST01071,Oni Chowdhury,Operations,Bengaluru,2019
CUST01072,Mason Divan,Human Resources,Pune,2022
CUST01073,Hitesh Chaudhuri,Human Resources,Bengaluru,2025
CUST01074,Hemangini Roy,Sales,Bengaluru,2020
CUST01075,Leela Sunder,Finance,Hyderabad,2019
CUST01076,Baljiwan Gera,Operations,Pune,2023
CUST01077,Neha Dhawan,IT,Mumbai,2025
CUST01078,Balvan Randhawa,Finance,Kolkata,2016
CUST01079,Wazir Bawa,IT,Hyderabad,2015
CUST01080,Amruta Pradhan,Finance,Bengaluru,2022
CUST01081,Geetika Mitter,Sales,Kolkata,2017
CUST01082,Avni Swamy,Operations,Delhi,2025
CUST01083,Vedant Desai,Operations,Kolkata,2021
CUST01084,Saanvi Nagi,Marketing,Bengaluru,2024
CUST01085,Omaja Chakraborty,IT,Bengaluru,2025
CUST01086,Riya Kakar,Finance,Noida,2022
CUST01087,Vedhika Varty,Finance,Pune,2020
CUST01088,Daksh Varma,Administration,Pune,2024
CUST01089,Dominic Mukhopadhyay,Administration,Hyderabad,2023
CUST01090,Krishna Viswanathan,Human Resources,Mumbai,2021
CUST01091,Oscar Hans,Marketing,Hyderabad,2024
CUST01092,Dalbir Krish,Legal,Chennai,2019
CUST01093,Tanmayi Bedi,Administration,Bengaluru,2022
CUST01094,Rushil Mahal,Legal,Kolkata,2016
CUST01095,Ucchal Tiwari,Human Resources,Delhi,2021
CUST01096,Jatin Balasubramanian,Human Resources,Bengaluru,2018
CUST01097,Kashish Suresh,Human Resources,Bengaluru,2023
CUST01098,Peter Som,IT,Hyderabad,2015
CUST01099,Hemangini Gade,IT,Delhi,2021
CUST01100,Gautam Mane,Sales,Delhi,2020
CUST01101,Libni Bawa,Sales,Delhi,2022
CUST01102,Tanish Kant,Human Resources,Hyderabad,2019
CUST01103,Samuel Luthra,Marketing,Bengaluru,2015
CUST01104,Yochana Bahri,Finance,Hyderabad,2015
CUST01105,Urvi Deo,IT,Pune,2023
CUST01106,Abhiram Kapur,Marketing,Pune,2024
CUST01107,Dalaja Maharaj,Operations,Hyderabad,2020
CUST01108,Krisha Palla,IT,Delhi,2024
CUST01109,Zayyan Kamdar,IT,Noida,2019
CUST01110,Chasmum Verma,Sales,Bengaluru,2015
CUST01111,Harsh Amble,Finance,Hyderabad,2020
CUST01112,Barkha Misra,Finance,Hyderabad,2020
CUST01113,Vasatika Bhatt,Administration,Hyderabad,2017
CUST01114,Aradhana Nair,Legal,Noida,2022
CUST01115,Advika Misra,Legal,Noida,2015
CUST01116,Mason Varughese,Legal,Chennai,2015
CUST01117,Dakshesh Raval,Legal,Pune,2020
CUST01118,Logan Bal,Operations,Kolkata,2024
CUST01119,Chakrika Lad,Operations,Delhi,2015
CUST01120,Nidhi Rama,IT,Mumbai,2020
CUST01121,Ranveer Oza,Human Resources,Noida,2015
CUST01122,Vamakshi Parmer,Sales,Kolkata,2020
CUST01123,Onkar Golla,Sales,Noida,2017
CUST01124,Gunbir Sinha,Legal,Delhi,2022
CUST01125,Aarna Goswami,IT,Mumbai,2020
CUST01126,Gaurav Kapadia,Administration,Chennai,2025
CUST01127,Udant Mohanty,Marketing,Hyderabad,2015
CUST01128,Garima Prabhu,Human Resources,Chennai,2019
CUST01129,Chaitaly Sheth,IT,Noida,2022
CUST01130,Upma Bera,Human Resources,Chennai,2017
CUST01131,Urmi Hayer,Human Resources,Kolkata,2020
CUST01132,Lakshmi Wagle,Human Resources,Bengaluru,2019
CUST01133,Odika Bhagat,IT,Noida,2020
CUST01134,Laksh Iyer,Legal,Noida,2024
CUST01135,Nimrat Shankar,Sales,Kolkata,2015
CUST01136,Diya Gole,Sales,Pune,2021
CUST01137,Vinaya Natarajan,Legal,Mumbai,2023
CUST01138,Dhriti Bhardwaj,Human Resources,Hyderabad,2016
CUST01139,Siya Mahal,Marketing,Kolkata,2024
CUST01140,Om Dutt,Finance,Mumbai,2019
CUST01141,Gaurang Dayal,IT,Delhi,2024
CUST01142,Pushti Raval,Finance,Mumbai,2018
CUST01143,Vansha Rajagopal,Administration,Delhi,2020
CUST01144,Baljiwan Walla,Legal,Kolkata,2020
CUST01145,Kashvi Atwal,Marketing,Noida,2025
CUST01146,Rayaan Badami,IT,Noida,2016
CUST01147,Yuvraj Kara,Legal,Pune,2016
CUST01148,Devika Dayal,Human Resources,Kolkata,2018
CUST01149,Leela Thakur,Sales,Delhi,2015
CUST01150,Oliver Bhattacharyya,Finance,Mumbai,2023
CUST01151,Chanchal Mannan,Operations,Mumbai,2021
CUST01152,Zinal Viswanathan,Operations,Delhi,2021
CUST01153,Radha Desai,Marketing,Chennai,2017
CUST01154,Vrishti Parmer,Human Resources,Pune,2025
CUST01155,Nitesh Raval,Administration,Bengaluru,2017
CUST01156,Vedant Kapur,Finance,Noida,2015
CUST01157,Siddharth Bains,Human Resources,Hyderabad,2017
CUST01158,Jatin Peri,Finance,Mumbai,2017
CUST01159,Keya Kumer,Marketing,Hyderabad,2018
CUST01160,Chanakya Chokshi,Marketing,Bengaluru,2018
CUST01161,Chanakya D’Alia,Administration,Kolkata,2017
CUST01162,Sachi Rai,Operations,Hyderabad,2024
CUST01163,Zayyan Som,Human Resources,Bengaluru,2022
CUST01164,Samesh Andra,IT,Noida,2022
CUST01165,Osha Chaudhuri,Operations,Delhi,2015
CUST01166,Laksh Sahota,Human Resources,Chennai,2021
CUST01167,Yasti Dalal,Operations,Noida,2025
CUST01168,Ishaan Cherian,IT,Mumbai,2016
CUST01169,Rushil Iyengar,Sales,Bengaluru,2015
CUST01170,Saksham Parmar,Sales,Hyderabad,2017
CUST01171,Chakrika Dyal,Administration,Mumbai,2018
CUST01172,Watika Johal,Sales,Chennai,2020
CUST01173,Ganga Keer,Sales,Delhi,2024
CUST01174,Agastya Chakraborty,Legal,Kolkata,2019
CUST01175,Wakeeta Dixit,Finance,Mumbai,2018
CUST01176,Yasti Borde,Legal,Kolkata,2022
CUST01177,Aahana Kashyap,Legal,Bengaluru,2025
CUST01178,Chaman Lalla,Administration,Chennai,2018
CUST01179,Chandresh Chaudhry,Legal,Hyderabad,2024
CUST01180,Balveer Mannan,Sales,Chennai,2016
CUST01181,Dhriti Sandhu,IT,Chennai,2017
CUST01182,Girish Bath,Administration,Pune,2020
CUST01183,Lakshit Garde,Administration,Chennai,2022
CUST01184,Ishita Sarma,Marketing,Chennai,2022
CUST01185,Girik Pradhan,Administration,Noida,2025
CUST01186,Qadim Comar,Marketing,Mumbai,2023
CUST01187,Mugdha Shan,Administration,Hyderabad,2021
CUST01188,Lekha Sridhar,Finance,Noida,2016
CUST01189,Ojas Chowdhury,Sales,Noida,2022
CUST01190,Daniel Dutta,Administration,Mumbai,2021
CUST01191,Omaja Subramanian,Sales,Mumbai,2022
CUST01192,Pratyush Raghavan,Sales,Bengaluru,2017
CUST01193,Ayush De,Operations,Mumbai,2021
CUST01194,Vinaya Chowdhury,Administration,Pune,2024
CUST01195,Ridhi Batra,Human Resources,Pune,2023
CUST01196,Advika Murthy,Operations,Noida,2017
CUST01197,Udarsh Nigam,Human Resources,Kolkata,2024
CUST01198,Rachita Kothari,Sales,Bengaluru,2020
CUST01199,Hiral Rajan,Sales,Kolkata,2016
CUST01200,Chatura Apte,Operations,Kolkata,2016
CUST01201,Yashasvi Singh,Operations,Noida,2019
CUST01202,Noah Borde,Human Resources,Delhi,2019
CUST01203,Ekani Khosla,Marketing,Noida,2021
CUST01204,Arunima Bedi,Human Resources,Hyderabad,2016
CUST01205,Kritika Rau,Operations,Hyderabad,2025
CUST01206,Farhan Sharaf,IT,Mumbai,2021
CUST01207,Sara Chakrabarti,Operations,Mumbai,2019
CUST01208,Sanya Mutti,IT,Delhi,2020
CUST01209,Widisha Badami,Finance,Mumbai,2022
CUST01210,Netra Sachar,Operations,Hyderabad,2024
CUST01211,Aadi Chand,Finance,Kolkata,2018
CUST01212,Yashoda Jhaveri,Marketing,Noida,2021
CUST01213,Harita Patla,Human Resources,Chennai,2020
CUST01214,Udant Sha,IT,Pune,2024
CUST01215,Urvashi Patla,Human Resources,Chennai,2016
CUST01216,Ishaan Chatterjee,Finance,Chennai,2022
CUST01217,Aarnav Om,IT,Hyderabad,2024
CUST01218,Bishakha Vig,Human Resources,Chennai,2023
CUST01219,Hitesh Bath,Operations,Noida,2019
CUST01220,Waida Dey,Sales,Delhi,2024
CUST01221,Hredhaan Kumar,Finance,Bengaluru,2018
CUST01222,Raghav Dara,Human Resources,Mumbai,2020
CUST01223,Tanveer Shankar,Finance,Bengaluru,2022
CUST01224,Hamsini Chokshi,Legal,Kolkata,2025
CUST01225,Chakradhar Dasgupta,Finance,Noida,2017
CUST01226,Tanvi Thaman,IT,Noida,2024
CUST01227,Wishi Agrawal,Legal,Pune,2025
CUST01228,Rachita Subramanian,Administration,Noida,2025
CUST01229,Oscar Dave,IT,Mumbai,2015
CUST01230,Lila Nagy,Sales,Noida,2018
CUST01231,Omya Kothari,Legal,Chennai,2018
CUST01232,Mitali Oza,Administration,Pune,2015
CUST01233,Sneha Deol,Operations,Mumbai,2023
CUST01234,Nitara Vala,Finance,Delhi,2017
CUST01235,Dipta Kalla,Human Resources,Delhi,2019
CUST01236,Shaurya Mannan,Marketing,Delhi,2020
CUST01237,Kevin Gokhale,Finance,Delhi,2022
CUST01238,Jack Pandey,Administration,Chennai,2020
CUST01239,Omisha Walla,Finance,Noida,2017
CUST01240,Pahal Arya,Sales,Bengaluru,2020
CUST01241,Aryan Raj,Operations,Mumbai,2015
CUST01242,Chatresh Bhalla,Marketing,Chennai,2018
CUST01243,Amara Dyal,Legal,Delhi,2020
CUST01244,Zashil Dhingra,Legal,Kolkata,2021
CUST01245,Chakrika Jani,Legal,Noida,2025
CUST01246,Jagrati Sethi,Administration,Bengaluru,2025
CUST01247,Udarsh Ramachandran,IT,Kolkata,2024
CUST01248,Yasti Mani,IT,Pune,2017
CUST01249,Lakshmi Ram,Human Resources,Kolkata,2023
CUST01250,Dhriti Bhagat,Marketing,Pune,2021
CUST01251,Zayan Jain,Legal,Pune,2015
CUST01252,Umang Pillai,IT,Delhi,2016
CUST01253,Rishi Menon,Administration,Pune,2015
CUST01254,Peter Borde,Human Resources,Hyderabad,2025
CUST01255,Oscar Varkey,Operations,Mumbai,2023
CUST01256,Krishna Baria,Human Resources,Mumbai,2023
CUST01257,Arya Lalla,IT,Delhi,2021
CUST01258,Naveen Kumer,Sales,Hyderabad,2024
CUST01259,Ganga Shukla,Administration,Kolkata,2017
CUST01260,Balveer Dube,Sales,Chennai,2019
CUST01261,Charan Mitra,Legal,Kolkata,2018
CUST01262,Ishita Bora,Sales,Noida,2021
CUST01263,Thomas Gour,Legal,Chennai,2023
CUST01264,Yashasvi Dutta,Legal,Pune,2016
CUST01265,Netra Chanda,IT,Bengaluru,2022
CUST01266,Timothy Kala,Sales,Chennai,2023
CUST01267,Garima Patel,Legal,Bengaluru,2024
CUST01268,Tejas Wali,Marketing,Mumbai,2024
CUST01269,Aditya Contractor,Operations,Bengaluru,2023
CUST01270,Sanaya Khosla,Human Resources,Mumbai,2024
CUST01271,Balveer Nagi,Human Resources,Hyderabad,2021
CUST01272,Ishaan Raju,IT,Hyderabad,2023
CUST01273,Barkha Bakshi,Sales,Delhi,2023
CUST01274,Yoshita Trivedi,Sales,Delhi,2017
CUST01275,Vidhi Bassi,Legal,Pune,2018
CUST01276,Reyansh Nagi,Administration,Chennai,2016
CUST01277,Gopal Ganesh,Finance,Pune,2024
CUST01278,Dominic Kade,Legal,Mumbai,2017
CUST01279,Panini Chawla,Operations,Pune,2025
CUST01280,Radhika Bora,Marketing,Bengaluru,2025
CUST01281,Arjun Sharaf,Human Resources,Mumbai,2019
CUST01282,Baljiwan Chahal,Legal,Delhi,2019
CUST01283,Chatura Gokhale,Finance,Hyderabad,2020
CUST01284,Ekavir Kari,Finance,Delhi,2021
CUST01285,Nikita Rama,Legal,Chennai,2021
CUST01286,Nidhi Sant,IT,Mumbai,2015
CUST01287,Anay Ramachandran,Human Resources,Mumbai,2016
CUST01288,Abeer Bhatnagar,IT,Bengaluru,2023
CUST01289,Elijah Parmar,Marketing,Chennai,2024
CUST01290,Bimala Mitra,Finance,Hyderabad,2016
CUST01291,Baghyawati Sarma,Finance,Kolkata,2020
CUST01292,Megha Balasubramanian,Operations,Mumbai,2025
CUST01293,Naksh Walla,Marketing,Mumbai,2025
CUST01294,Laban Raman,Finance,Bengaluru,2015
CUST01295,Maanas Misra,Marketing,Pune,2017
CUST01296,Advay Dhaliwal,Human Resources,Noida,2016
CUST01297,Benjamin Ahluwalia,Sales,Hyderabad,2017
CUST01298,Frederick Mody,Finance,Delhi,2019
CUST01299,Hemangini Kakar,Operations,Chennai,2025
CUST01300,Yauvani Dhar,Human Resources,Mumbai,2024
CUST01301,Qarin Kant,Legal,Mumbai,2020
CUST01302,Rishi Contractor,Marketing,Delhi,2023
CUST01303,Chatura Shenoy,Legal,Hyderabad,2025
CUST01304,Bina Bhavsar,IT,Noida,2024
CUST01305,Guneet Hora,Human Resources,Pune,2018
CUST01306,Ganga Parikh,Legal,Mumbai,2021
CUST01307,Wahab Chaudhry,Administration,Noida,2020
CUST01308,Ekaraj Hari,Administration,Hyderabad,2016
CUST01309,Vedika Seshadri,Finance,Delhi,2024
CUST01310,Damini Dua,Marketing,Bengaluru,2025
CUST01311,Diya Sangha,Sales,Pune,2025
CUST01312,Aayush Munshi,Human Resources,Chennai,2025
CUST01313,Timothy Sarin,Finance,Mumbai,2022
CUST01314,Jagvi Desai,Operations,Hyderabad,2021
CUST01315,Varsha Shere,IT,Bengaluru,2021
CUST01316,Jagrati Mody,Marketing,Chennai,2022
CUST01317,Ikbal Gill,Human Resources,Kolkata,2025
CUST01318,Avni Dey,Administration,Hyderabad,2015
CUST01319,Adya Bose,Human Resources,Hyderabad,2015
CUST01320,Anirudh Tripathi,Sales,Chennai,2022
CUST01321,Nidhi Kala,Administration,Bengaluru,2018
CUST01322,Abha Zacharia,Sales,Kolkata,2019
CUST01323,Manthan Pau,Operations,Noida,2022
CUST01324,Udant Mannan,IT,Noida,2019
CUST01325,Ucchal Thaker,Operations,Delhi,2024
CUST01326,Mekhala Patla,Finance,Bengaluru,2018
CUST01327,William Gandhi,Finance,Pune,2020
CUST01328,Sanaya Dutta,Operations,Mumbai,2019
CUST01329,Madhav Sule,IT,Chennai,2021
CUST01330,Banjeet Kanda,Operations,Delhi,2024
CUST01331,Vincent Bhatnagar,IT,Kolkata,2021
CUST01332,Kala Kaur,IT,Chennai,2018
CUST01333,Samuel Vasa,Legal,Chennai,2019
CUST01334,Lipika Singh,Administration,Bengaluru,2017
CUST01335,Chakradhar Baral,Marketing,Mumbai,2018
CUST01336,Harshil Verma,IT,Pune,2018
CUST01337,Adya Ghosh,Sales,Noida,2017
CUST01338,Kritika Pau,IT,Hyderabad,2024
CUST01339,Zansi Krishnamurthy,IT,Hyderabad,2019
CUST01340,Udant Varty,IT,Chennai,2019
CUST01341,Ira Pai,Legal,Noida,2025
CUST01342,Vasatika Ahuja,Administration,Noida,2021
CUST01343,Ria Gandhi,Legal,Mumbai,2018
CUST01344,Faraj Varkey,Finance,Kolkata,2018
CUST01345,Siddharth Doctor,Legal,Kolkata,2023
CUST01346,Nakul Pathak,Sales,Delhi,2020
CUST01347,Victor Sachdeva,Sales,Bengaluru,2018
CUST01348,Ishaan Subramaniam,Legal,Mumbai,2016
CUST01349,Varenya Kade,Administration,Mumbai,2020
CUST01350,Nirja Bains,Operations,Bengaluru,2016
CUST01351,Caleb Datta,Marketing,Noida,2019
CUST01352,Krish Vala,Administration,Kolkata,2020
CUST01353,Manan Bhalla,Legal,Kolkata,2018
CUST01354,Aarna Gole,IT,Noida,2017
CUST01355,Anirudh Mander,Human Resources,Kolkata,2021
CUST01356,Tarak Sen,Marketing,Chennai,2016
CUST01357,Vasatika Garde,Marketing,Mumbai,2025
CUST01358,Nirja Dhar,Sales,Hyderabad,2020
CUST01359,Yasti Lalla,Marketing,Bengaluru,2018
CUST01360,Hema Setty,Legal,Kolkata,2020
CUST01361,Victor Radhakrishnan,IT,Delhi,2018
CUST01362,Kevin Chopra,IT,Kolkata,2018
CUST01363,Samaksh Virk,Finance,Kolkata,2018
CUST01364,Mason Char,IT,Pune,2023
CUST01365,Vamakshi Barad,Administration,Chennai,2021
CUST01366,Girik Subramaniam,IT,Bengaluru,2017
CUST01367,Aarav Sankar,Sales,Pune,2017
CUST01368,Kamala Bassi,IT,Pune,2020
CUST01369,Veer Subramaniam,Finance,Delhi,2020
CUST01370,Inaya Chaudhari,Human Resources,Mumbai,2018
CUST01371,Krish Kumar,Legal,Delhi,2023
CUST01372,Viraj Chacko,Sales,Mumbai,2018
CUST01373,Nilima Kurian,Administration,Mumbai,2023
CUST01374,Abdul Amble,Human Resources,Bengaluru,2018
CUST01375,Zinal Amble,Sales,Kolkata,2016
CUST01376,Samesh Mutti,Operations,Bengaluru,2016
CUST01377,Janaki Chhabra,Marketing,Chennai,2019
CUST01378,Pooja Kulkarni,Operations,Mumbai,2018
CUST01379,Pallavi Pau,IT,Pune,2021
CUST01380,Mekhala Jani,Human Resources,Kolkata,2025
CUST01381,Vasudha Gola,IT,Hyderabad,2019
CUST01382,Veda Kulkarni,Marketing,Chennai,2020
CUST01383,Hemangini Rao,Sales,Bengaluru,2024
CUST01384,Jagat Karpe,Marketing,Delhi,2018
CUST01385,Neel Chaudhry,Finance,Chennai,2016
CUST01386,Yashoda Rattan,Marketing,Chennai,2024
CUST01387,Charles Dyal,Finance,Kolkata,2023
CUST01388,Abdul Chand,Marketing,Chennai,2024
CUST01389,Urishilla Saran,Legal,Chennai,2021
CUST01390,Devansh Lall,Finance,Hyderabad,2018
CUST01391,Kamala Buch,Human Resources,Noida,2017
CUST01392,Leena Rattan,IT,Delhi,2024
CUST01393,Dakshesh Gill,Administration,Delhi,2017
CUST01394,Reva Anne,IT,Delhi,2023
CUST01395,Zarna Mangal,Operations,Mumbai,2019
CUST01396,Bahadurjit Uppal,IT,Pune,2017
CUST01397,Omkaar Banik,Sales,Noida,2019
CUST01398,William Acharya,Legal,Delhi,2016
CUST01399,Gabriel Majumdar,Marketing,Chennai,2025
CUST01400,Ira Rana,Operations,Chennai,2018
CUST01401,Sai Vasa,Sales,Delhi,2024
CUST01402,Ekapad Chana,Sales,Kolkata,2016
CUST01403,Ijaya Palan,Finance,Delhi,2016
CUST01404,Upkaar Hayer,IT,Chennai,2022
CUST01405,Netra Agrawal,Human Resources,Mumbai,2015
CUST01406,Parth Ray,Administration,Bengaluru,2021
CUST01407,Elijah Thakur,Human Resources,Bengaluru,2019
CUST01408,Harini Dada,Operations,Noida,2025
CUST01409,Zashil Savant,Legal,Noida,2022
CUST01410,Veda Kohli,Human Resources,Delhi,2015
CUST01411,Tara Sharma,Marketing,Hyderabad,2025
CUST01412,Vasatika Dada,Human Resources,Delhi,2021
CUST01413,Ekansh Raja,Operations,Kolkata,2019
CUST01414,Victor Mutti,Administration,Delhi,2018
CUST01415,Ira Varty,Human Resources,Noida,2021
CUST01416,Adya Kothari,Marketing,Bengaluru,2024
CUST01417,Girik Rastogi,Finance,Chennai,2016
CUST01418,Faqid Gokhale,Legal,Delhi,2015
CUST01419,Dipta Pandya,Operations,Chennai,2015
CUST01420,Amruta Goswami,Finance,Chennai,2025
CUST01421,Wishi Iyengar,Finance,Hyderabad,2015
CUST01422,Wyatt Lanka,Finance,Chennai,2019
CUST01423,Veer Jain,Sales,Bengaluru,2024
CUST01424,Ishani Dugal,Legal,Mumbai,2021
CUST01425,Jagdish Brar,Administration,Mumbai,2016
CUST01426,Abeer Basak,IT,Pune,2024
CUST01427,Kamya Murty,Legal,Kolkata,2022
CUST01428,Anvi Swaminathan,Sales,Delhi,2018
CUST01429,Yasti Mammen,IT,Kolkata,2017
CUST01430,Tristan Dave,Legal,Bengaluru,2024
CUST01431,Pallavi Sridhar,Finance,Chennai,2025
CUST01432,Yadavi Palan,Operations,Mumbai,2022
CUST01433,Owen Shankar,IT,Kolkata,2016
CUST01434,Zarna Sharma,Marketing,Bengaluru,2025
CUST01435,Abhiram Arora,Marketing,Mumbai,2025
CUST01436,Ladli Chaudhuri,Human Resources,Chennai,2017
CUST01437,Janaki Lad,IT,Kolkata,2017
CUST01438,Adya Khalsa,Operations,Mumbai,2024
CUST01439,Urishilla Oza,Administration,Delhi,2025
CUST01440,Qarin Tara,Sales,Noida,2015
CUST01441,Shivansh Saini,Finance,Delhi,2020
CUST01442,Janya Rattan,Human Resources,Pune,2016
CUST01443,Shravya Gole,Marketing,Pune,2015
CUST01444,Veer Chaudhry,Sales,Mumbai,2016
CUST01445,Warinder Sankaran,Sales,Noida,2020
CUST01446,Rohan Dhingra,Finance,Bengaluru,2018
CUST01447,Urvashi Andra,Administration,Delhi,2020
CUST01448,Oviya Tata,Administration,Bengaluru,2023
CUST01449,Zansi Walla,IT,Noida,2024
CUST01450,Vidhi Mital,Marketing,Bengaluru,2024
CUST01451,Champak Rao,Administration,Noida,2022
CUST01452,Nihal Bhasin,Operations,Mumbai,2015
CUST01453,Aachal Soni,Administration,Bengaluru,2022
CUST01454,Shivani Natt,Sales,Delhi,2023
CUST01455,Jalsa Parsa,Finance,Chennai,2020
CUST01456,Hemangini Bahri,Operations,Pune,2024
CUST01457,Jairaj Panchal,IT,Chennai,2019
CUST01458,Owen Mane,Marketing,Bengaluru,2020
CUST01459,Ekta Uppal,IT,Chennai,2020
CUST01460,Sanya Brar,Sales,Delhi,2023
CUST01461,Bhavini Sheth,Operations,Delhi,2018
CUST01462,Oliver Nazareth,Operations,Bengaluru,2016
CUST01463,Nidhi Bora,Operations,Mumbai,2025
CUST01464,Neel Oza,Sales,Chennai,2025
CUST01465,Dipta Nadig,Sales,Mumbai,2023
CUST01466,Amara Rana,IT,Mumbai,2016
CUST01467,Sai Patil,Human Resources,Noida,2024
CUST01468,Odika Ganesh,IT,Hyderabad,2023
CUST01469,Arin Dass,Marketing,Bengaluru,2016
CUST01470,Zayan Buch,Finance,Pune,2022
CUST01471,Ojas Ranganathan,Operations,Delhi,2023
CUST01472,Girish Bhatt,Human Resources,Delhi,2024
CUST01473,Chatura Bal,Finance,Bengaluru,2023
CUST01474,Fiyaz Chawla,Human Resources,Noida,2024
CUST01475,Nachiket Chad,Administration,Kolkata,2023
CUST01476,Dayamai Karnik,Administration,Kolkata,2016
CUST01477,Bhanumati Savant,Legal,Kolkata,2018
CUST01478,Karan Vyas,Administration,Noida,2021
CUST01479,Ayush Banerjee,IT,Pune,2016
CUST01480,Eshana Soni,Administration,Delhi,2015
CUST01481,Anita Saxena,Sales,Bengaluru,2017
CUST01482,Peter Shan,Operations,Noida,2018
CUST01483,Dayita Palan,IT,Delhi,2022
CUST01484,Utkarsh Chakraborty,Finance,Mumbai,2020
CUST01485,Darika Pau,Legal,Chennai,2025
CUST01486,Abha Dugal,Legal,Chennai,2016
CUST01487,Advaith Acharya,Legal,Noida,2023
CUST01488,Hemangini Mangat,Finance,Delhi,2016
CUST01489,Abhiram Swamy,Finance,Hyderabad,2019
CUST01490,Chandani Andra,Finance,Pune,2018
CUST01491,Brinda Kashyap,Finance,Kolkata,2021
CUST01492,Kashvi Gulati,Legal,Pune,2022
CUST01493,Rajeshri Rana,Legal,Pune,2019
CUST01494,Nihal Ramakrishnan,Human Resources,Noida,2024
CUST01495,Thomas Lall,IT,Mumbai,2019
CUST01496,Pahal Khatri,Operations,Pune,2016
CUST01497,Bhavani Wali,Administration,Chennai,2022
CUST01498,Nitara Guha,Administration,Mumbai,2016
CUST01499,Qabil Deshpande,Sales,Bengaluru,2024
CUST01500,Indrajit Shah,Legal,Pune,2020
CUST01501,Anita Swamy,Sales,Pune,2022
CUST01502,Ekani Bahl,IT,Bengaluru,2020
CUST01503,Chandran Warrior,IT,Pune,2018
CUST01504,Quincy Chaudry,Sales,Bengaluru,2018
CUST01505,Amruta Dass,Legal,Mumbai,2020
CUST01506,Abhiram Kaul,Sales,Chennai,2018
CUST01507,Matthew Aurora,Administration,Bengaluru,2022
CUST01508,Teerth Oommen,Human Resources,Hyderabad,2023
CUST01509,Devika Tara,Administration,Noida,2015
CUST01510,Ubika Balay,Marketing,Noida,2018
CUST01511,Faris Dhingra,Legal,Bengaluru,2018
CUST01512,Amaira Ramanathan,Legal,Noida,2016
CUST01513,Upma Golla,Operations,Pune,2020
CUST01514,Zashil Raj,Finance,Kolkata,2017
CUST01515,Jairaj Kothari,Marketing,Kolkata,2021
CUST01516,Saanvi Kota,IT,Noida,2025
CUST01517,Rushil Sharma,Legal,Mumbai,2025
CUST01518,Sathvik Solanki,Sales,Delhi,2019
CUST01519,Devika Naidu,Marketing,Mumbai,2018
CUST01520,Brijesh Verma,Operations,Delhi,2019
CUST01521,Zehaan Srivastava,IT,Kolkata,2022
CUST01522,Rushil Patel,Finance,Kolkata,2017
CUST01523,Tejas Chowdhury,Finance,Bengaluru,2021
CUST01524,Radha Nair,Operations,Chennai,2020
CUST01525,Oliver Majumdar,Operations,Hyderabad,2015
CUST01526,Meghana Kibe,Sales,Mumbai,2021
CUST01527,Brijesh Soman,Legal,Pune,2021
CUST01528,Kamya Chakraborty,Finance,Delhi,2015
CUST01529,Nakul Tata,IT,Noida,2023
CUST01530,Hamsini Bhasin,Marketing,Pune,2020
CUST01531,Ishani Dube,IT,Chennai,2016
CUST01532,Jeremiah Sura,Human Resources,Delhi,2019
CUST01533,Edhitha Palan,Human Resources,Mumbai,2025
CUST01534,Reyansh Bail,Operations,Bengaluru,2018
CUST01535,Ishita Desai,Sales,Pune,2021
CUST01536,Balveer Sundaram,Human Resources,Chennai,2022
CUST01537,Chaitaly Suri,Finance,Mumbai,2025
CUST01538,Rachit Pall,IT,Kolkata,2025
CUST01539,Upadhriti Maharaj,IT,Kolkata,2015
CUST01540,Ekapad Wali,Operations,Mumbai,2019
CUST01541,Shivani Merchant,Legal,Mumbai,2017
CUST01542,Jeevika Setty,Legal,Mumbai,2015
CUST01543,Yashawini Raghavan,Marketing,Delhi,2017
CUST01544,Anirudh Patla,Operations,Mumbai,2020
CUST01545,Ekani Bhatnagar,Administration,Pune,2021
CUST01546,Ranveer Viswanathan,Marketing,Chennai,2022
CUST01547,Mitesh Mandal,Administration,Delhi,2025
CUST01548,Nimrat Nagy,Legal,Mumbai,2018
CUST01549,Gopal Virk,Operations,Hyderabad,2017
CUST01550,Caleb Dayal,Administration,Noida,2019
CUST01551,Azad Jaggi,Operations,Hyderabad,2023
CUST01552,Vedika Handa,Operations,Chennai,2020
CUST01553,Azad Rama,Legal,Kolkata,2023
CUST01554,Aahana Bawa,Marketing,Bengaluru,2020
CUST01555,Timothy Bobal,Marketing,Bengaluru,2016
CUST01556,Sathvik Swamy,Operations,Noida,2019
CUST01557,Upadhriti Bhat,Human Resources,Kolkata,2025
CUST01558,Ojasvi Pillay,Sales,Delhi,2023
CUST01559,Amaira Wadhwa,Legal,Delhi,2022
CUST01560,Ekavir Modi,Sales,Delhi,2021
CUST01561,Tarak Venkataraman,Sales,Bengaluru,2015
CUST01562,Harrison Kashyap,Marketing,Hyderabad,2018
CUST01563,Ranveer Hans,Marketing,Bengaluru,2021
CUST01564,Praneel Sagar,Human Resources,Pune,2025
CUST01565,Ishita Shanker,Sales,Mumbai,2021
CUST01566,Hemang Ganesan,Sales,Delhi,2020
CUST01567,Neelima Thaman,Operations,Hyderabad,2022
CUST01568,Nakul Walla,Marketing,Chennai,2025
CUST01569,Indira Murty,Sales,Noida,2020
CUST01570,Kamya Sachar,IT,Chennai,2024
CUST01571,Ekiya Khosla,Human Resources,Mumbai,2017
CUST01572,Keya Kumar,Administration,Hyderabad,2018
CUST01573,Sneha Sem,IT,Bengaluru,2017
CUST01574,Aadi Banerjee,IT,Bengaluru,2015
CUST01575,Amol Vasa,Administration,Pune,2024
CUST01576,Chasmum Ahuja,Legal,Pune,2019
CUST01577,Tristan Kala,Legal,Bengaluru,2015
CUST01578,Anthony Majumdar,Human Resources,Chennai,2015
CUST01579,Girindra Barad,IT,Noida,2016
CUST01580,Ishani Dugal,Sales,Delhi,2018
CUST01581,Alka Peri,Marketing,Chennai,2020
CUST01582,Viraj Kunda,Human Resources,Noida,2022
CUST01583,George Ratta,Operations,Pune,2017
CUST01584,Faras Nair,Administration,Mumbai,2015
CUST01585,Oscar Sura,IT,Noida,2017
CUST01586,Charita Barad,Human Resources,Bengaluru,2017
CUST01587,Farhan Bhalla,Finance,Pune,2019
CUST01588,Ijaya Saraf,Finance,Pune,2025
CUST01589,Jai Karan,Legal,Delhi,2018
CUST01590,Lavanya Bhagat,Administration,Bengaluru,2018
CUST01591,Benjamin Nagar,Marketing,Delhi,2023
CUST01592,Eta Thakkar,Sales,Bengaluru,2021
CUST01593,Michael Bedi,Marketing,Delhi,2018
CUST01594,Sanaya Thaman,Marketing,Noida,2017
CUST01595,Tristan Sankaran,Marketing,Chennai,2020
CUST01596,Meera Divan,Administration,Mumbai,2017
CUST01597,Gayathri Butala,Marketing,Mumbai,2020
CUST01598,Chandran Rastogi,Operations,Bengaluru,2025
CUST01599,Frederick Rastogi,Administration,Hyderabad,2025
CUST01600,Kalpit Deshmukh,Operations,Kolkata,2023
CUST01601,Rudra Sura,Administration,Pune,2020
CUST01602,Rohan Viswanathan,Legal,Pune,2018
CUST01603,Xavier Bora,Human Resources,Bengaluru,2019
CUST01604,Qushi Naik,Finance,Noida,2020
CUST01605,Isaiah Sachdev,Marketing,Delhi,2025
CUST01606,Jasmit Pall,Legal,Hyderabad,2017
CUST01607,Ekani Padmanabhan,Human Resources,Chennai,2022
CUST01608,Dalaja Gara,Finance,Delhi,2018
CUST01609,Riya Dhingra,IT,Delhi,2022
CUST01610,Chaitanya Kaur,Sales,Bengaluru,2024
CUST01611,Kashvi Dugal,Operations,Bengaluru,2024
CUST01612,Isaiah Bhagat,IT,Noida,2017
CUST01613,Manbir Mani,Administration,Pune,2024
CUST01614,Hemal Choudhry,Finance,Bengaluru,2021
CUST01615,Shivani Sinha,IT,Bengaluru,2025
CUST01616,Garima Kadakia,Sales,Bengaluru,2023
CUST01617,Samar Virk,Legal,Noida,2018
CUST01618,Vasudha Dhaliwal,Finance,Pune,2022
CUST01619,Krisha Vyas,IT,Chennai,2017
CUST01620,Aadhya Garde,Operations,Chennai,2021
CUST01621,Bhanumati Iyer,Operations,Kolkata,2017
CUST01622,Chatresh Shroff,Human Resources,Kolkata,2021
CUST01623,Ekalinga Rama,IT,Bengaluru,2025
CUST01624,Jagvi Chokshi,Marketing,Kolkata,2024
CUST01625,Brinda Raju,IT,Pune,2024
CUST01626,Lajita Trivedi,Legal,Noida,2025
CUST01627,Diya Sundaram,Finance,Chennai,2025
CUST01628,Quincy Issac,Finance,Delhi,2020
CUST01629,Anthony Baral,Legal,Chennai,2016
CUST01630,Dalaja Nath,IT,Chennai,2025
CUST01631,Maya Dugar,Legal,Pune,2017
CUST01632,Idika Pandey,Sales,Kolkata,2020
CUST01633,Chasmum Keer,Administration,Delhi,2018
CUST01634,David Kurian,Legal,Pune,2020
CUST01635,Ayushman Mammen,Operations,Bengaluru,2015
CUST01636,Max Om,Legal,Noida,2024
CUST01637,Laksh Chahal,Finance,Mumbai,2015
CUST01638,Utkarsh Sahni,Operations,Chennai,2017
CUST01639,Michael Sandhu,Finance,Mumbai,2022
CUST01640,Forum Sen,Human Resources,Noida,2022
CUST01641,Samuel Devi,Marketing,Noida,2025
CUST01642,Lakshit More,Finance,Pune,2018
CUST01643,Qushi Dhillon,Operations,Pune,2020
CUST01644,Eesha Bir,Human Resources,Pune,2022
CUST01645,Qarin Nadkarni,Finance,Mumbai,2021
CUST01646,Ayushman Nagar,Sales,Pune,2025
CUST01647,Nisha Mitter,Legal,Noida,2021
CUST01648,Anusha Doshi,Marketing,Bengaluru,2018
CUST01649,Hredhaan Deep,Finance,Pune,2023
CUST01650,Atharv Loke,Human Resources,Hyderabad,2024
CUST01651,Vincent Kashyap,Sales,Kolkata,2020
CUST01652,Jagrati Buch,IT,Mumbai,2025
CUST01653,Krish Thakkar,Human Resources,Hyderabad,2017
CUST01654,Kashvi Gour,Legal,Pune,2019
CUST01655,Vyanjana Som,Human Resources,Noida,2019
CUST01656,Nihal Hans,Sales,Bengaluru,2019
CUST01657,Bachittar Rege,Human Resources,Chennai,2022
CUST01658,Anamika Sachar,Sales,Delhi,2023
CUST01659,Samaksh Jayaraman,Finance,Kolkata,2023
CUST01660,Peter Sarna,Administration,Delhi,2020
CUST01661,Ekta Shankar,Sales,Pune,2020
CUST01662,Prisha Ravel,Sales,Kolkata,2023
CUST01663,Lajita Munshi,Marketing,Kolkata,2018
CUST01664,Balvan Verma,Sales,Bengaluru,2020
CUST01665,Siya Shan,Sales,Kolkata,2018
CUST01666,Yatan Venkataraman,IT,Mumbai,2025
CUST01667,Balveer Ram,Administration,Hyderabad,2015
CUST01668,Ranveer Manne,Finance,Hyderabad,2021
CUST01669,Mitali Modi,Legal,Hyderabad,2024
CUST01670,Triya Ganesan,Marketing,Mumbai,2025
CUST01671,Chaitaly Bhagat,IT,Delhi,2020
CUST01672,Ubika Seth,Operations,Bengaluru,2023
CUST01673,Xiti Chowdhury,Administration,Kolkata,2021
CUST01674,Krishna Ramaswamy,Finance,Mumbai,2021
CUST01675,Ekiya Seshadri,Finance,Hyderabad,2016
CUST01676,Praneel Setty,Operations,Pune,2025
CUST01677,Suhani Chana,Legal,Chennai,2023
CUST01678,Ekiya Gade,Sales,Kolkata,2024
CUST01679,Gavin Comar,IT,Mumbai,2023
CUST01680,Janani Chada,Human Resources,Noida,2020
CUST01681,Yasti Dutta,Marketing,Mumbai,2017
CUST01682,Lajita Bassi,Human Resources,Bengaluru,2015
CUST01683,Gautami Doctor,Operations,Bengaluru,2018
CUST01684,Maanav Gola,Finance,Mumbai,2017
CUST01685,Oni Morar,Legal,Hyderabad,2015
CUST01686,Sanaya Mani,Finance,Chennai,2017
CUST01687,Jacob Deep,Marketing,Kolkata,2018
CUST01688,Aarush Kulkarni,Finance,Bengaluru,2022
CUST01689,Tara Tank,Finance,Kolkata,2023
CUST01690,Abdul Tak,Marketing,Hyderabad,2017
CUST01691,Teerth Soni,IT,Kolkata,2020
CUST01692,Nimrat Sathe,IT,Pune,2024
CUST01693,Abeer Konda,Marketing,Bengaluru,2025
CUST01694,Sarthak Bawa,Legal,Hyderabad,2019
CUST01695,Manbir Bhakta,Operations,Hyderabad,2020
CUST01696,Balhaar Dhillon,Administration,Chennai,2018
CUST01697,Chanchal Narula,Finance,Chennai,2024
CUST01698,Chandran Chopra,Legal,Pune,2020
CUST01699,Pranav Edwin,Finance,Hyderabad,2021
CUST01700,Peter Shah,Administration,Delhi,2023
CUST01701,Balendra Chander,Operations,Hyderabad,2024
CUST01702,Ekantika Pillay,IT,Chennai,2021
CUST01703,Ekansh Sane,Legal,Delhi,2020
CUST01704,Brinda Sinha,Sales,Bengaluru,2015
CUST01705,Jairaj Maharaj,Sales,Bengaluru,2016
CUST01706,Odika Vohra,Administration,Kolkata,2015
CUST01707,Shaurya Bhardwaj,Sales,Mumbai,2023
CUST01708,Gagan Sule,IT,Chennai,2024
CUST01709,Prisha Nadig,Administration,Mumbai,2024
CUST01710,Irya Dayal,IT,Delhi,2023
CUST01711,Zinal Tank,Operations,Chennai,2021
CUST01712,Pranit Kaul,Finance,Pune,2016
CUST01713,Rishi Agarwal,Operations,Hyderabad,2020
CUST01714,Arjun Shroff,Operations,Pune,2025
CUST01715,Sarthak Sachdeva,IT,Delhi,2018
CUST01716,Chakradev Nath,Administration,Chennai,2015
CUST01717,Simon Apte,Administration,Noida,2015
CUST01718,Baghyawati Kumar,Sales,Delhi,2019
CUST01719,Darika Mital,Human Resources,Noida,2016
CUST01720,Abeer Comar,Finance,Hyderabad,2018
CUST01721,Harita Randhawa,IT,Bengaluru,2015
CUST01722,Parth Hari,Sales,Bengaluru,2018
CUST01723,Hamsini Srinivas,Legal,Delhi,2025
CUST01724,Balendra Deshpande,Human Resources,Mumbai,2020
CUST01725,Nachiket Sharma,Human Resources,Chennai,2024
CUST01726,Turvi Sachdev,IT,Chennai,2018
CUST01727,Chandani Mutti,Marketing,Bengaluru,2015
CUST01728,Sathvik Narula,Finance,Kolkata,2021
CUST01729,Dominic Dixit,Human Resources,Pune,2016
CUST01730,Azaan Nori,IT,Kolkata,2023
CUST01731,Noah Ramachandran,IT,Hyderabad,2017
CUST01732,Jackson Morar,Sales,Pune,2022
CUST01733,Azad Magar,Legal,Pune,2022
CUST01734,Gabriel Taneja,Marketing,Delhi,2017
CUST01735,Kamya Seth,Finance,Bengaluru,2018
CUST01736,Tarak Vohra,Administration,Kolkata,2016
CUST01737,Parth Choudhury,Operations,Kolkata,2018
CUST01738,Baljiwan Jaggi,Legal,Bengaluru,2025
CUST01739,Sachi Toor,Legal,Kolkata,2025
CUST01740,Vasudha Tella,Sales,Noida,2025
CUST01741,Ranveer Oak,Administration,Bengaluru,2023
CUST01742,Dayita Narang,Human Resources,Delhi,2016
CUST01743,Guneet Varty,Human Resources,Mumbai,2017
CUST01744,Samesh Bansal,Sales,Pune,2025
CUST01745,Lila Vig,IT,Delhi,2025
CUST01746,Aayush Mukhopadhyay,Human Resources,Chennai,2018
CUST01747,Gagan Nath,Marketing,Hyderabad,2019
CUST01748,Chakradhar Chauhan,Finance,Mumbai,2015
CUST01749,Arin Muni,Legal,Chennai,2021
CUST01750,Ekani Iyer,Legal,Pune,2024
CUST01751,Bhavini Malhotra,Marketing,Kolkata,2021
CUST01752,Ridhi Dalal,Administration,Bengaluru,2023
CUST01753,Manthan Dugar,Human Resources,Pune,2018
CUST01754,Ishwar Aurora,Legal,Delhi,2020
CUST01755,Samuel Palla,Operations,Hyderabad,2025
CUST01756,Anika Dhaliwal,Administration,Delhi,2016
CUST01757,Yash Garg,Finance,Mumbai,2018
CUST01758,Deepa Nigam,Finance,Mumbai,2016
CUST01759,Chandresh De,Legal,Hyderabad,2024
CUST01760,Urishilla Bedi,Sales,Noida,2019
CUST01761,Leela Bhagat,Administration,Chennai,2021
CUST01762,Pooja Ramanathan,Legal,Chennai,2015
CUST01763,Sanaya Parekh,Sales,Mumbai,2024
CUST01764,Gaurangi Hora,Legal,Mumbai,2024
CUST01765,Udyati Deep,Operations,Kolkata,2021
CUST01766,Upadhriti Chatterjee,Administration,Bengaluru,2024
CUST01767,Dayita Shroff,IT,Kolkata,2020
CUST01768,Vincent Kapur,Finance,Kolkata,2020
CUST01769,Aarna Patla,Legal,Noida,2022
CUST01770,Qadim Narayanan,Operations,Chennai,2022
CUST01771,Sudiksha Sura,Sales,Noida,2020
CUST01772,Dhruv Soman,Sales,Noida,2017
CUST01773,Indali Srinivas,Finance,Hyderabad,2019
CUST01774,Onkar Mandal,Marketing,Chennai,2016
CUST01775,Joshua Trivedi,Legal,Bengaluru,2019
CUST01776,Nidra Chhabra,Administration,Delhi,2023
CUST01777,Ekavir Mittal,Human Resources,Mumbai,2024
CUST01778,Nandini Sachdev,Sales,Mumbai,2015
CUST01779,Yagnesh Dutt,Administration,Bengaluru,2024
CUST01780,Leena Bhatti,Administration,Noida,2019
CUST01781,Sathvik Sankar,IT,Kolkata,2020
CUST01782,Hema Keer,Administration,Hyderabad,2025
CUST01783,Faras Sur,Administration,Noida,2021
CUST01784,Ubika Nanda,IT,Mumbai,2023
CUST01785,Sai Goda,Sales,Pune,2020
CUST01786,Nidra Boase,Administration,Kolkata,2019
CUST01787,Ladli Narang,Marketing,Mumbai,2021
CUST01788,Darsh Chana,Marketing,Pune,2015
CUST01789,Liam Acharya,Operations,Noida,2025
CUST01790,Manthan Sethi,IT,Bengaluru,2019
CUST01791,Madhavi Sekhon,Operations,Bengaluru,2016
CUST01792,Samesh Nadig,IT,Kolkata,2018
CUST01793,Daksha Saran,Legal,Mumbai,2021
CUST01794,Gaurav Anand,Legal,Chennai,2019
CUST01795,Joshua Menon,Administration,Pune,2020
CUST01796,Kala Bera,Human Resources,Hyderabad,2016
CUST01797,Jagrati Choudhary,Legal,Mumbai,2017
CUST01798,Azaan Keer,Human Resources,Hyderabad,2021
CUST01799,Meera Nadkarni,Legal,Mumbai,2025
CUST01800,Nidra Raj,Finance,Chennai,2016
CUST01801,Siddharth Ghose,Legal,Chennai,2020
CUST01802,Liam Guha,Operations,Kolkata,2019
CUST01803,Jagvi Sahni,Sales,Kolkata,2024
CUST01804,Bhavya Dass,Administration,Chennai,2015
CUST01805,Advay Bora,Operations,Delhi,2025
CUST01806,Maanas Sur,Sales,Chennai,2024
CUST01807,Laban Chad,Marketing,Bengaluru,2025
CUST01808,Ojasvi Shah,Operations,Bengaluru,2018
CUST01809,Pranit Sha,Marketing,Delhi,2025
CUST01810,Shivani Rajagopalan,Human Resources,Noida,2016
CUST01811,Upkaar Grewal,Human Resources,Pune,2018
CUST01812,Abhimanyu Tara,Finance,Noida,2015
CUST01813,Yachana Luthra,Legal,Hyderabad,2016
CUST01814,Jeevika Bandi,Operations,Noida,2022
CUST01815,Vasudha Pillay,Marketing,Mumbai,2020
CUST01816,Vasatika Buch,Sales,Noida,2016
CUST01817,Ati Shroff,Human Resources,Mumbai,2020
CUST01818,Gaurang Korpal,Legal,Delhi,2024
CUST01819,Faras Zacharia,Human Resources,Bengaluru,2023
CUST01820,Chatresh Oza,Sales,Kolkata,2021
CUST01821,Upasna Setty,Legal,Mumbai,2023
CUST01822,Garima Sama,Legal,Bengaluru,2019
CUST01823,Chaitaly Mann,Marketing,Pune,2021
CUST01824,Balendra Modi,Marketing,Hyderabad,2025
CUST01825,Darsh Solanki,Operations,Pune,2021
CUST01826,Charan Manne,Operations,Delhi,2017
CUST01827,Bhavini Sundaram,IT,Noida,2021
CUST01828,Jonathan Tiwari,Administration,Noida,2015
CUST01829,Arunima Krishnan,IT,Chennai,2023
CUST01830,Avni Maharaj,Finance,Chennai,2024
CUST01831,Akshay Choudhury,Human Resources,Chennai,2020
CUST01832,Matthew Sekhon,Operations,Pune,2019
CUST01833,Parth Lal,Marketing,Mumbai,2021
CUST01834,Vedhika Golla,Sales,Hyderabad,2019
CUST01835,Hemal Chad,Marketing,Chennai,2024
CUST01836,Mitesh Tandon,Human Resources,Delhi,2019
CUST01837,Leela Khanna,IT,Delhi,2025
CUST01838,Oliver Kade,Marketing,Chennai,2024
CUST01839,Chatura Lalla,Administration,Noida,2025
CUST01840,Charles Ganesh,Finance,Chennai,2021
CUST01841,Mohini Soni,Human Resources,Hyderabad,2024
CUST01842,Vamakshi Walia,IT,Chennai,2021
CUST01843,Ladli Ramakrishnan,Administration,Hyderabad,2025
CUST01844,Adweta Dhillon,Sales,Delhi,2017
CUST01845,Advik Mani,IT,Chennai,2017
CUST01846,Lavanya Mutti,Legal,Pune,2024
CUST01847,Gunbir Wali,Administration,Kolkata,2017
CUST01848,Rachana Mahajan,Administration,Pune,2020
CUST01849,Anamika Loke,Finance,Delhi,2020
CUST01850,Aadhya Raman,Human Resources,Hyderabad,2017
CUST01851,Wyatt Hayer,Sales,Pune,2017
CUST01852,Pranit Munshi,Finance,Hyderabad,2022
CUST01853,Abhiram Bir,IT,Pune,2022
CUST01854,Nisha Chaudhari,Finance,Pune,2021
CUST01855,Sanaya Panchal,Administration,Hyderabad,2024
CUST01856,Bhanumati Krishnamurthy,Human Resources,Mumbai,2018
CUST01857,Bahadurjit Bajwa,Operations,Pune,2018
CUST01858,Dakshesh Kalla,Finance,Chennai,2017
CUST01859,Jagdish Chadha,Legal,Kolkata,2019
CUST01860,Keya Goyal,Finance,Delhi,2017
CUST01861,Qarin Kulkarni,IT,Mumbai,2022
CUST01862,Unni Borra,IT,Hyderabad,2021
CUST01863,Aradhana Sane,Sales,Mumbai,2017
CUST01864,Aarini Edwin,IT,Bengaluru,2023
CUST01865,Aradhana Bhatia,Marketing,Bengaluru,2019
CUST01866,Lipika Natarajan,Human Resources,Pune,2023
CUST01867,Aarna Lanka,Human Resources,Pune,2021
CUST01868,Ridhi Boase,Operations,Chennai,2021
CUST01869,Sai Ramaswamy,Operations,Kolkata,2020
CUST01870,Vyanjana Chopra,Human Resources,Delhi,2016
CUST01871,Raagini Kamdar,Legal,Mumbai,2023
CUST01872,Riya Lad,Operations,Bengaluru,2020
CUST01873,Bakhshi Bora,Sales,Pune,2022
CUST01874,Zashil Sehgal,IT,Noida,2015
CUST01875,Widisha Dixit,Human Resources,Noida,2019
CUST01876,Baljiwan Ramakrishnan,Administration,Delhi,2015
CUST01877,Max Narayan,Operations,Mumbai,2024
CUST01878,Aarush Varma,Human Resources,Pune,2025
CUST01879,Vanya Sarin,Marketing,Pune,2022
CUST01880,Ekaraj Zachariah,Finance,Bengaluru,2022
CUST01881,Aarush Rajagopalan,IT,Bengaluru,2015
CUST01882,Jairaj Wason,Human Resources,Pune,2023
CUST01883,Gauri Mitter,Finance,Hyderabad,2016
CUST01884,Christopher Chana,Operations,Pune,2023
CUST01885,Harini Buch,Finance,Delhi,2015
CUST01886,Bimala Jain,IT,Pune,2024
CUST01887,Balveer Rajagopalan,Human Resources,Chennai,2023
CUST01888,Chandani Ramakrishnan,Marketing,Kolkata,2018
CUST01889,Jagrati Sur,Legal,Chennai,2023
CUST01890,Raksha Gupta,Operations,Chennai,2021
CUST01891,Balendra Hans,Human Resources,Hyderabad,2025
CUST01892,William Suresh,IT,Hyderabad,2020
CUST01893,Dev Zachariah,Operations,Noida,2019
CUST01894,Xalak Walla,Sales,Pune,2025
CUST01895,Amol Bansal,Finance,Chennai,2023
CUST01896,Daksh Nazareth,Legal,Hyderabad,2016
CUST01897,Nidra Dani,IT,Bengaluru,2025
CUST01898,Tara Yadav,Sales,Pune,2016
CUST01899,Viraj Bora,Administration,Delhi,2025
CUST01900,Lohit Suresh,Human Resources,Kolkata,2023
CUST01901,Urishilla Bath,Marketing,Mumbai,2017
CUST01902,Kalpit Atwal,Operations,Pune,2022
CUST01903,Chandresh Mohanty,Finance,Mumbai,2025
CUST01904,Tanmayi Garde,Operations,Chennai,2023
CUST01905,Hitesh Comar,Legal,Kolkata,2022
CUST01906,Thomas Bhatnagar,Human Resources,Mumbai,2018
CUST01907,Pooja Nazareth,Operations,Chennai,2015
CUST01908,Ekta Dara,Finance,Bengaluru,2018
CUST01909,Ekanta Kala,Human Resources,Mumbai,2023
CUST01910,Oscar Nayak,Operations,Kolkata,2016
CUST01911,Jai Mahal,Marketing,Noida,2017
CUST01912,Ojasvi Ganguly,IT,Pune,2024
CUST01913,Nitesh Sarna,Human Resources,Chennai,2022
CUST01914,Banjeet Deol,IT,Pune,2020
CUST01915,Krisha Dugar,Administration,Kolkata,2022
CUST01916,Vidhi Buch,Human Resources,Hyderabad,2021
CUST01917,Abhimanyu Gola,Marketing,Chennai,2019
CUST01918,Bhanumati Saha,IT,Mumbai,2023
CUST01919,Jonathan Jhaveri,Sales,Chennai,2018
CUST01920,Anika Virk,Finance,Pune,2020
CUST01921,Nisha Khare,Sales,Bengaluru,2016
CUST01922,Baljiwan Gole,Operations,Chennai,2016
CUST01923,Gaurang Mitra,Marketing,Mumbai,2016
CUST01924,Omya Agrawal,Sales,Hyderabad,2024
CUST01925,Rehaan Dalal,Human Resources,Noida,2021
CUST01926,Janaki Zacharia,Operations,Delhi,2016
CUST01927,Ucchal Joshi,Operations,Bengaluru,2016
CUST01928,Chatresh Hari,Sales,Noida,2023
CUST01929,Manthan Som,Administration,Hyderabad,2021
CUST01930,Patrick Dutta,Sales,Chennai,2025
CUST01931,Chatura Patla,Administration,Pune,2017
CUST01932,Shaurya Saran,Marketing,Kolkata,2017
CUST01933,Gaurika Setty,Finance,Pune,2021
CUST01934,Hemang Ben,Sales,Noida,2019
CUST01935,Nakul Balakrishnan,Legal,Mumbai,2024
CUST01936,Yutika D’Alia,Administration,Pune,2020
CUST01937,Wahab Saxena,Sales,Bengaluru,2022
CUST01938,Oni Issac,IT,Pune,2023
CUST01939,Victor Choudhary,Human Resources,Mumbai,2015
CUST01940,Vedant Chaudhari,Legal,Delhi,2017
CUST01941,Nitara Iyengar,Legal,Chennai,2025
CUST01942,Thomas Borah,Administration,Kolkata,2021
CUST01943,Vedhika Bhagat,IT,Noida,2020
CUST01944,Maanav Kalita,IT,Chennai,2021
CUST01945,Pranav Ram,Operations,Pune,2022
CUST01946,Laban Shankar,Administration,Hyderabad,2020
CUST01947,Jagrati Madan,Finance,Chennai,2017
CUST01948,Gautami Datta,Human Resources,Delhi,2016
CUST01949,Darpan Mand,Marketing,Pune,2021
CUST01950,Indrajit Shroff,Legal,Kolkata,2025
CUST01951,Omya Garg,Marketing,Mumbai,2015
CUST01952,Thomas Merchant,Sales,Delhi,2017
CUST01953,Onkar Karpe,Sales,Pune,2025
CUST01954,Nisha Vig,Marketing,Delhi,2018
CUST01955,Tarak Solanki,Sales,Chennai,2015
CUST01956,Arya Atwal,Finance,Kolkata,2019
CUST01957,Yatin Kota,IT,Mumbai,2024
CUST01958,Radha Kapadia,Sales,Pune,2017
CUST01959,Abdul Sahni,Operations,Bengaluru,2016
CUST01960,Banjeet Singhal,Sales,Noida,2017
CUST01961,Pavani Wali,Human Resources,Mumbai,2022
CUST01962,Varenya Chaudhari,Finance,Bengaluru,2020
CUST01963,Warhi Khosla,Human Resources,Delhi,2021
CUST01964,Advik Ray,Human Resources,Hyderabad,2020
CUST01965,Kevin Parmer,Operations,Mumbai,2020
CUST01966,William Chana,Finance,Delhi,2017
CUST01967,Varsha Mody,Finance,Bengaluru,2022
CUST01968,Tripti Bajwa,Administration,Chennai,2021
CUST01969,Ubika Devi,Finance,Chennai,2021
CUST01970,Qasim Prabhakar,Finance,Hyderabad,2020
CUST01971,Aarav Bobal,Finance,Noida,2019
CUST01972,Gaurangi Wali,Operations,Mumbai,2024
CUST01973,Chaman Sandhu,Sales,Mumbai,2022
CUST01974,Sarthak Buch,Administration,Mumbai,2019
CUST01975,Christopher Varma,Human Resources,Noida,2023
CUST01976,Charan Choudhry,Finance,Delhi,2023
CUST01977,Jasmit Shroff,Legal,Kolkata,2015
CUST01978,Jasmit Peri,Sales,Kolkata,2020
CUST01979,Ekalinga Jayaraman,Sales,Hyderabad,2021
CUST01980,Gaurika Khare,Human Resources,Mumbai,2017
CUST01981,Vanya Kadakia,Operations,Delhi,2021
CUST01982,Ekani Pandit,Marketing,Chennai,2025
CUST01983,Yahvi Sampath,Marketing,Bengaluru,2025
CUST01984,Chatura Bhatnagar,Sales,Delhi,2021
CUST01985,Hemani Sethi,IT,Noida,2025
CUST01986,Yachana Vyas,IT,Kolkata,2016
CUST01987,Upma Wali,Human Resources,Kolkata,2021
CUST01988,Siya Pillai,Marketing,Chennai,2015
CUST01989,Raghav Shankar,Sales,Chennai,2019
CUST01990,Faris Raman,Operations,Noida,2023
CUST01991,Bhavya Bose,Marketing,Bengaluru,2021
CUST01992,Nitesh Majumdar,Sales,Chennai,2021
CUST01993,Manbir Taneja,Sales,Hyderabad,2025
CUST01994,Samarth Verma,Finance,Bengaluru,2016
CUST01995,Chaaya Saha,Operations,Chennai,2022
CUST01996,Urvi Palan,Finance,Pune,2017
CUST01997,Sachi Bail,Human Resources,Delhi,2022
CUST01998,Ranbir Bhatnagar,Finance,Chennai,2017
CUST01999,Vincent Venkatesh,Legal,Hyderabad,2024
CUST02000,Nisha Oza,Finance,Mumbai,2021
CUST02001,Vedika Wagle,Legal,Chennai,2016
CUST02002,Tanvi Modi,Marketing,Kolkata,2018
CUST02003,Damini Garg,IT,Kolkata,2025
CUST02004,Utkarsh Sule,Administration,Kolkata,2020
CUST02005,Bhavya Batta,Administration,Mumbai,2025
CUST02006,Ira Mane,Sales,Kolkata,2023
CUST02007,Ojas Dyal,Administration,Pune,2019
CUST02008,Qabil Gill,Legal,Chennai,2023
CUST02009,Neel Khanna,Operations,Noida,2019
CUST02010,Benjamin Nadig,Finance,Kolkata,2024
CUST02011,Ridhi Lad,Legal,Bengaluru,2022
CUST02012,Qarin Jha,Operations,Noida,2015
CUST02013,Edhitha Padmanabhan,IT,Mumbai,2021
CUST02014,Kashish Sen,Administration,Pune,2018
CUST02015,Charvi Dara,IT,Bengaluru,2019
CUST02016,Nidhi Tata,Administration,Bengaluru,2020
CUST02017,Tara Nagarajan,Finance,Bengaluru,2019
CUST02018,Aayush Tripathi,Human Resources,Bengaluru,2015
CUST02019,Chakrika Som,Finance,Noida,2023
CUST02020,Manan Sathe,Marketing,Noida,2016
CUST02021,Isaiah Srinivas,Legal,Chennai,2023
CUST02022,Liam Dada,Sales,Kolkata,2024
CUST02023,Aryan Ratti,Human Resources,Delhi,2016
CUST02024,Sanaya Parikh,Finance,Chennai,2023
CUST02025,Eta Bhakta,Operations,Chennai,2020
CUST02026,Tristan Mall,Human Resources,Pune,2025
CUST02027,Arin Chacko,Legal,Pune,2023
CUST02028,Gagan Vala,Administration,Kolkata,2020
CUST02029,Robert Swaminathan,Human Resources,Delhi,2020
CUST02030,Yasti Bhalla,Administration,Pune,2025
CUST02031,Mitali Divan,Legal,Kolkata,2016
CUST02032,Kala Raju,Finance,Kolkata,2022
CUST02033,Advik Mane,Legal,Noida,2017
CUST02034,Indali Morar,Human Resources,Hyderabad,2021
CUST02035,Gagan Kale,Operations,Noida,2019
CUST02036,Ojasvi Savant,IT,Delhi,2017
CUST02037,Nihal Samra,Human Resources,Pune,2015
CUST02038,Liam Chadha,Legal,Delhi,2022
CUST02039,Sarthak Mitter,IT,Chennai,2017
CUST02040,Gautami Bhatti,Legal,Chennai,2016
CUST02041,Gaurang Ahuja,Operations,Delhi,2015
CUST02042,Anjali Sachdeva,Legal,Hyderabad,2018
CUST02043,Turvi Devan,Finance,Hyderabad,2022
CUST02044,Quincy Raj,Sales,Noida,2017
CUST02045,Vritti Basak,Administration,Delhi,2015
CUST02046,Daksha Tak,Administration,Pune,2018
CUST02047,Udarsh Bala,Human Resources,Noida,2023
CUST02048,Mitesh Lala,Sales,Mumbai,2015
CUST02049,Urmi Dash,Legal,Hyderabad,2025
CUST02050,Omisha Gola,Operations,Bengaluru,2016
CUST02051,Yash Balakrishnan,Human Resources,Noida,2023
CUST02052,Aradhana Tailor,Legal,Chennai,2016
CUST02053,Janaki Srivastava,IT,Noida,2017
CUST02054,Aarna Soni,Marketing,Delhi,2021
CUST02055,Kashvi Vala,Legal,Bengaluru,2017
CUST02056,Aashi Gaba,Sales,Delhi,2023
CUST02057,Madhav Nagarajan,Human Resources,Kolkata,2020
CUST02058,Krishna Parikh,Sales,Chennai,2017
CUST02059,Chatresh Mahajan,Human Resources,Chennai,2023
CUST02060,Oni Parekh,Legal,Hyderabad,2015
CUST02061,Bimala Manne,Finance,Noida,2024
CUST02062,Yoshita Hari,IT,Hyderabad,2017
CUST02063,Girindra Ganesh,Legal,Bengaluru,2015
CUST02064,Diya Mitra,Administration,Noida,2016
CUST02065,Janani Char,Sales,Kolkata,2022
CUST02066,Maanas Arya,Marketing,Delhi,2021
CUST02067,Zarna Manda,Marketing,Kolkata,2016
CUST02068,Vedhika Sabharwal,Operations,Chennai,2016
CUST02069,Nicholas Chaudry,Human Resources,Bengaluru,2023
CUST02070,Mohammed Thakur,Sales,Mumbai,2020
CUST02071,Raghav Vora,Operations,Bengaluru,2019
CUST02072,Omisha Sharma,Sales,Pune,2024
CUST02073,Jackson Deep,Administration,Bengaluru,2020
CUST02074,Varsha Pall,Human Resources,Kolkata,2023
CUST02075,Janani Dewan,Legal,Pune,2025
CUST02076,Hema Gera,Legal,Pune,2021
CUST02077,Ayush Dani,Marketing,Noida,2024
CUST02078,Kabir Dhar,Legal,Noida,2024
CUST02079,Damyanti Dass,Legal,Pune,2023
CUST02080,Kalpit Brar,Administration,Mumbai,2018
CUST02081,Isaac Brahmbhatt,Finance,Noida,2016
CUST02082,Veda Sankar,Marketing,Bengaluru,2022
CUST02083,Ronith Chokshi,Operations,Kolkata,2018
CUST02084,Yochana Bhargava,IT,Bengaluru,2023
CUST02085,Jagat Kulkarni,Finance,Mumbai,2018
CUST02086,Dominic Mitra,Operations,Chennai,2022
CUST02087,Gopal Dasgupta,Human Resources,Hyderabad,2023
CUST02088,Ryan Goyal,Finance,Kolkata,2023
CUST02089,Ayush Chana,Administration,Noida,2024
CUST02090,Arunima Pall,Operations,Kolkata,2018
CUST02091,Naveen Tella,Human Resources,Bengaluru,2015
CUST02092,Yashasvi Bir,Marketing,Hyderabad,2017
CUST02093,Akshay Wadhwa,IT,Delhi,2023
CUST02094,Rehaan Manda,Human Resources,Delhi,2018
CUST02095,Aayush Chaudhary,Legal,Noida,2019
CUST02096,Yamini Soman,Sales,Mumbai,2021
CUST02097,Qasim Sarraf,Human Resources,Delhi,2019
CUST02098,Pratyush Pant,Human Resources,Kolkata,2018
CUST02099,Panini Kala,IT,Delhi,2016
CUST02100,Nikita Chowdhury,Sales,Chennai,2016
CUST02101,Jatin Shukla,Legal,Chennai,2018
CUST02102,Zinal Deshpande,Operations,Noida,2024
CUST02103,Jalsa Mani,Operations,Chennai,2024
CUST02104,Fitan Narang,Human Resources,Delhi,2023
CUST02105,Jack Rajan,Administration,Mumbai,2022
CUST02106,Tanmayi Muni,Administration,Pune,2017
CUST02107,Upkaar Reddy,Sales,Pune,2023
CUST02108,Priya Gulati,Sales,Noida,2019
CUST02109,Vamakshi Pillai,Legal,Hyderabad,2025
CUST02110,Agastya Swamy,IT,Pune,2017
CUST02111,Meghana Sarma,Marketing,Pune,2019
CUST02112,Jagdish Dhar,Operations,Chennai,2024
CUST02113,Nandini Chaudry,IT,Chennai,2018
CUST02114,Dhruv Patla,Finance,Delhi,2022
CUST02115,Hamsini Iyer,Operations,Noida,2019
CUST02116,Jason Kaul,IT,Hyderabad,2024
CUST02117,Xalak Mallick,Operations,Noida,2022
CUST02118,Mugdha Parekh,Marketing,Bengaluru,2023
CUST02119,Nidhi Sundaram,Finance,Kolkata,2018
CUST02120,Manan Sha,Administration,Hyderabad,2021
CUST02121,Jason Krishna,Administration,Hyderabad,2016
CUST02122,Widisha Kashyap,Marketing,Mumbai,2020
CUST02123,Ayushman Chaudhary,Legal,Noida,2022
CUST02124,Ekansh Tara,Finance,Delhi,2021
CUST02125,Praneel Raja,Human Resources,Mumbai,2021
CUST02126,Michael Mitter,IT,Hyderabad,2022
CUST02127,Faraj Venkatesh,Finance,Hyderabad,2021
CUST02128,Unnati Jaggi,Legal,Hyderabad,2019
CUST02129,Widisha Swaminathan,Legal,Pune,2021
CUST02130,Hemal Zachariah,Marketing,Noida,2024
CUST02131,Azad Sani,Operations,Kolkata,2017
CUST02132,Leela Sengupta,Finance,Kolkata,2019
CUST02133,Krisha Savant,IT,Mumbai,2021
CUST02134,Balendra Bali,Finance,Hyderabad,2023
CUST02135,Chavvi Gala,Sales,Kolkata,2016
CUST02136,Raagini Desai,Operations,Chennai,2018
CUST02137,Lopa Sura,IT,Noida,2021
CUST02138,Vritti Zacharia,Administration,Kolkata,2015
CUST02139,Vamakshi Dugar,IT,Delhi,2016
CUST02140,Mahika Lall,Human Resources,Noida,2023
CUST02141,Krishna Pandit,Marketing,Delhi,2024
CUST02142,Ekani Bhat,Human Resources,Kolkata,2021
CUST02143,Chakradev Dave,IT,Chennai,2024
CUST02144,Ikshita Bala,Operations,Delhi,2021
CUST02145,Lajita Chatterjee,Finance,Pune,2020
CUST02146,Hemani Parikh,Administration,Kolkata,2017
CUST02147,Indali Bhalla,Finance,Pune,2024
CUST02148,Yug Keer,Operations,Kolkata,2017
CUST02149,Frado Bhatti,IT,Bengaluru,2016
CUST02150,Ishwar Nazareth,Legal,Bengaluru,2025
CUST02151,Anmol Yohannan,Finance,Bengaluru,2020
CUST02152,Baljiwan Sharma,Legal,Delhi,2018
CUST02153,Yutika Sama,Finance,Pune,2019
CUST02154,Anmol Singh,Finance,Pune,2017
CUST02155,Edhitha Purohit,Administration,Pune,2020
CUST02156,Ekantika Chaudhari,Marketing,Chennai,2025
CUST02157,Harish Jha,Marketing,Pune,2017
CUST02158,Watika Thakkar,Sales,Chennai,2022
CUST02159,Ojas Mistry,Human Resources,Bengaluru,2023
CUST02160,Rajata Jaggi,Operations,Bengaluru,2018
CUST02161,Faqid Wason,Operations,Delhi,2023
CUST02162,Bhavna Lanka,Operations,Kolkata,2021
CUST02163,Chameli Ratti,Sales,Bengaluru,2017
CUST02164,George Chandran,Marketing,Kolkata,2021
CUST02165,Anjali Bhavsar,IT,Kolkata,2015
CUST02166,Prisha Kadakia,Legal,Noida,2017
CUST02167,Faraj Mittal,Administration,Delhi,2020
CUST02168,Rachita Zacharia,Legal,Hyderabad,2018
CUST02169,Ryan Sachdeva,IT,Hyderabad,2021
CUST02170,Zayan Varma,Administration,Mumbai,2017
CUST02171,Pranit Bahl,Sales,Noida,2015
CUST02172,Xalak Kala,IT,Delhi,2023
CUST02173,Amrita Walia,Operations,Mumbai,2020
CUST02174,Darpan Vig,Human Resources,Mumbai,2022
CUST02175,Janya Shere,Finance,Noida,2017
CUST02176,Wridesh Dora,Legal,Hyderabad,2022
CUST02177,Radhika Roy,Marketing,Delhi,2016
CUST02178,Devansh Jani,Marketing,Hyderabad,2018
CUST02179,Amara Mangat,Sales,Mumbai,2017
CUST02180,Aahana Keer,Administration,Delhi,2024
CUST02181,William Comar,Marketing,Mumbai,2015
CUST02182,Rehaan Bala,Operations,Pune,2021
CUST02183,Dayita Shetty,Legal,Noida,2025
CUST02184,Rajata Sami,IT,Kolkata,2024
CUST02185,Saksham Dutta,Operations,Delhi,2016
CUST02186,Laban Balakrishnan,Sales,Delhi,2018
CUST02187,Arunima Goda,Operations,Kolkata,2023
CUST02188,Vedika Bahri,IT,Mumbai,2020
CUST02189,Fiyaz Murthy,Human Resources,Pune,2022
CUST02190,Devansh Ray,Sales,Chennai,2016
CUST02191,Gautam Ranganathan,Human Resources,Kolkata,2021
CUST02192,Warinder Choudhury,Finance,Noida,2020
CUST02193,Zayan Taneja,Human Resources,Hyderabad,2023
CUST02194,Wazir Das,Finance,Mumbai,2021
CUST02195,Forum Ramakrishnan,Finance,Kolkata,2015
CUST02196,Pallavi Kamdar,Human Resources,Kolkata,2022
CUST02197,Hredhaan Gill,Sales,Delhi,2025
CUST02198,Anvi Sarraf,Administration,Hyderabad,2024
CUST02199,Aachal Bhalla,IT,Hyderabad,2017
CUST02200,Kavya Chowdhury,Operations,Noida,2016
CUST02201,Pallavi Soman,Operations,Hyderabad,2017
CUST02202,Arunima Dhillon,IT,Kolkata,2025
CUST02203,Vaishnavi Pillai,Legal,Chennai,2020
CUST02204,Ansh Banerjee,Legal,Bengaluru,2017
CUST02205,Wriddhish Kulkarni,Finance,Mumbai,2024
CUST02206,Dayamai Patil,Finance,Bengaluru,2019
CUST02207,Warjas Savant,Sales,Kolkata,2020
CUST02208,Abhiram Ramaswamy,Marketing,Bengaluru,2022
CUST02209,Charvi Chana,Human Resources,Kolkata,2021
CUST02210,Chameli Kade,Finance,Bengaluru,2025
CUST02211,Reva Nadig,Operations,Hyderabad,2022
CUST02212,Bahadurjit Mahal,Sales,Pune,2017
CUST02213,Vyanjana Sinha,Human Resources,Hyderabad,2018
CUST02214,Gaurangi Sami,Sales,Hyderabad,2020
CUST02215,Naveen Lal,Human Resources,Noida,2025
CUST02216,Indira Salvi,Human Resources,Delhi,2021
CUST02217,Sudiksha Bala,IT,Delhi,2023
CUST02218,Qarin Sawhney,Finance,Bengaluru,2015
CUST02219,Aarush Rattan,Administration,Kolkata,2022
CUST02220,Dalaja Murthy,Sales,Noida,2022
CUST02221,Indrajit Dugar,Administration,Hyderabad,2020
CUST02222,Zaitra De,Sales,Noida,2018
CUST02223,Ekaja Seth,IT,Bengaluru,2017
CUST02224,Kiaan Lad,Operations,Delhi,2025
CUST02225,Falak Manda,Administration,Pune,2017
CUST02226,Frado Sachdeva,Operations,Mumbai,2020
CUST02227,Qabil Ramaswamy,Legal,Bengaluru,2022
CUST02228,Udarsh Bail,Finance,Noida,2021
CUST02229,Veer Chakraborty,Finance,Pune,2025
CUST02230,Rushil Lala,Marketing,Mumbai,2015
CUST02231,Chandran Rattan,IT,Chennai,2025
CUST02232,Abha Dixit,Operations,Bengaluru,2020
CUST02233,Jhalak Garde,Human Resources,Bengaluru,2021
CUST02234,Akshay Vora,Sales,Chennai,2021
CUST02235,Sudiksha Talwar,Finance,Chennai,2023
CUST02236,Udarsh Jani,Administration,Bengaluru,2025
CUST02237,Amaira Mani,Sales,Chennai,2025
CUST02238,Lavanya De,Sales,Hyderabad,2024
CUST02239,Samuel Kale,Marketing,Mumbai,2019
CUST02240,Ranbir Sahota,Operations,Mumbai,2015
CUST02241,Nilima Dhingra,Finance,Mumbai,2016
CUST02242,Bina Lala,Sales,Hyderabad,2018
CUST02243,Shravya Kothari,Finance,Kolkata,2019
CUST02244,Tara Chada,Human Resources,Chennai,2023
CUST02245,Upasna Deol,Marketing,Pune,2025
CUST02246,Mitali Kala,Human Resources,Chennai,2015
CUST02247,Pallavi Kunda,Finance,Bengaluru,2017
CUST02248,Girish Bhargava,Legal,Delhi,2019
CUST02249,Gaurangi Keer,Administration,Noida,2017
CUST02250,Irya Bath,Finance,Noida,2018
CUST02251,Zehaan Thaman,Operations,Mumbai,2017
CUST02252,Chasmum Rana,Sales,Chennai,2018
CUST02253,Kevin Barman,Sales,Pune,2015
CUST02254,Abha Gara,Human Resources,Bengaluru,2022
CUST02255,Harinakshi Sidhu,Administration,Hyderabad,2018
CUST02256,Gaurav Nadig,Marketing,Kolkata,2021
CUST02257,Lucky Lad,Legal,Hyderabad,2016
CUST02258,Dhriti Basu,IT,Pune,2016
CUST02259,Xalak Mand,Administration,Bengaluru,2020
CUST02260,Qushi Mandal,Sales,Mumbai,2016
CUST02261,Aishani Varughese,Operations,Chennai,2020
CUST02262,Rajata Gala,Administration,Bengaluru,2025
CUST02263,Vyanjana Dora,Human Resources,Noida,2016
CUST02264,Chatresh Gulati,Human Resources,Kolkata,2018
CUST02265,Chatura Karpe,IT,Hyderabad,2021
CUST02266,Balendra Singhal,Operations,Kolkata,2022
CUST02267,Nihal Sibal,Marketing,Kolkata,2017
CUST02268,Jack Talwar,Administration,Pune,2023
CUST02269,Riya Parikh,Operations,Pune,2016
CUST02270,Tanvi Tailor,Marketing,Chennai,2022
CUST02271,Manbir Dasgupta,Operations,Pune,2022
CUST02272,Girik Jani,Operations,Pune,2018
CUST02273,Pranit Ganguly,Finance,Bengaluru,2015
CUST02274,Simon Agrawal,Human Resources,Noida,2015
CUST02275,Omaja Bose,Administration,Mumbai,2016
CUST02276,Wishi Chandra,Operations,Chennai,2023
CUST02277,Atharv Mane,Administration,Bengaluru,2016
CUST02278,Meera Prakash,IT,Mumbai,2016
CUST02279,Ekiya Dube,Operations,Kolkata,2020
CUST02280,Finn Sharma,Sales,Bengaluru,2021
CUST02281,Sudiksha Luthra,Human Resources,Delhi,2021
CUST02282,Forum Bassi,Sales,Bengaluru,2023
CUST02283,Ekta Dayal,Administration,Pune,2020
CUST02284,Chanakya Mandal,Administration,Mumbai,2022
CUST02285,Christopher Bobal,Human Resources,Chennai,2025
CUST02286,George Rastogi,Administration,Chennai,2020
CUST02287,Pranav Khatri,Sales,Mumbai,2016
CUST02288,Gaurav Bail,Operations,Pune,2015
CUST02289,Nicholas Rama,Operations,Hyderabad,2019
CUST02290,Bhavani Dube,Finance,Bengaluru,2023
CUST02291,Chanchal Swaminathan,IT,Pune,2022
CUST02292,Dayita Deep,Administration,Delhi,2018
CUST02293,Gopal Pillai,Sales,Noida,2019
CUST02294,Vrishti Sehgal,Administration,Kolkata,2019
CUST02295,Vamakshi Loyal,Administration,Mumbai,2020
CUST02296,Gautam Sami,Marketing,Noida,2017
CUST02297,Quincy Saraf,Finance,Bengaluru,2019
CUST02298,Girik Baria,Sales,Chennai,2016
CUST02299,Ubika Kapur,Sales,Kolkata,2024
CUST02300,Warhi Vyas,Administration,Noida,2015
CUST02301,Bina Sidhu,Finance,Hyderabad,2025
CUST02302,Fariq Sridhar,Operations,Noida,2015
CUST02303,Manthan Datta,Sales,Delhi,2024
CUST02304,Yuvraj Virk,Operations,Chennai,2021
CUST02305,Chakrika Batta,Finance,Mumbai,2016
CUST02306,Chakradev Varghese,Operations,Bengaluru,2018
CUST02307,Yashvi Sandal,Human Resources,Mumbai,2019
CUST02308,Girindra Shetty,Marketing,Kolkata,2021
CUST02309,Isha Kumar,Legal,Bengaluru,2016
CUST02310,Yahvi Babu,Sales,Pune,2020
CUST02311,Turvi Gola,IT,Hyderabad,2015
CUST02312,Maya Bath,Marketing,Pune,2021
CUST02313,Omaja Mishra,Legal,Pune,2023
CUST02314,Suhani Sengupta,Operations,Mumbai,2019
CUST02315,Harita Grover,Sales,Kolkata,2019
CUST02316,Qasim Brar,Operations,Hyderabad,2018
CUST02317,Hitesh Saraf,Human Resources,Noida,2017
CUST02318,Abdul Rana,Finance,Bengaluru,2023
CUST02319,Agastya Garg,Sales,Bengaluru,2019
CUST02320,Triveni Ravel,Legal,Delhi,2022
CUST02321,Chavvi Patel,Legal,Chennai,2023
CUST02322,Chasmum Chahal,Human Resources,Delhi,2019
CUST02323,Krishna Atwal,Human Resources,Noida,2024
CUST02324,Isaac Babu,Administration,Delhi,2023
CUST02325,Avi Kadakia,Sales,Bengaluru,2016
CUST02326,Maanav Khurana,Operations,Mumbai,2023
CUST02327,Rayaan Chadha,IT,Pune,2025
CUST02328,Ubika Divan,Legal,Kolkata,2018
CUST02329,Pahal Bains,Legal,Pune,2020
CUST02330,Ojas Dua,Human Resources,Pune,2020
CUST02331,Vedhika Sinha,Marketing,Hyderabad,2020
CUST02332,Shivani Kibe,Human Resources,Bengaluru,2016
CUST02333,Chaitaly Ramanathan,IT,Noida,2021
CUST02334,Gauri Anand,Operations,Noida,2020
CUST02335,Rachana Sagar,Operations,Kolkata,2025
CUST02336,Bina Bansal,Marketing,Mumbai,2015
CUST02337,Mugdha Sunder,Legal,Hyderabad,2016
CUST02338,Vincent Bhat,Human Resources,Chennai,2021
CUST02339,Pahal Mutti,Administration,Mumbai,2015
CUST02340,Amrita Sahni,Operations,Delhi,2015
CUST02341,Jackson Talwar,IT,Mumbai,2015
CUST02342,Saumya Sarin,Sales,Mumbai,2022
CUST02343,Neel Mani,Finance,Pune,2018
CUST02344,Upasna Padmanabhan,Finance,Mumbai,2018
CUST02345,Vincent Tripathi,Finance,Noida,2016
CUST02346,Harinakshi Sidhu,Administration,Delhi,2025
CUST02347,Chaaya Ramakrishnan,Legal,Delhi,2025
CUST02348,Jagvi Sodhi,Human Resources,Bengaluru,2025
CUST02349,Sarthak Mandal,Marketing,Mumbai,2015
CUST02350,Vasudha Dayal,Administration,Pune,2024
CUST02351,Ryan Dugar,Administration,Mumbai,2023
CUST02352,Harrison Sagar,Operations,Chennai,2021
CUST02353,Chavvi Keer,Sales,Chennai,2018
CUST02354,Champak Badami,Administration,Pune,2020
CUST02355,Advika Parikh,IT,Bengaluru,2016
CUST02356,Owen Thakur,Sales,Bengaluru,2021
CUST02357,Devansh Nazareth,IT,Delhi,2016
CUST02358,Ishaan Karan,Legal,Delhi,2024
CUST02359,Udarsh Sur,Human Resources,Hyderabad,2022
CUST02360,Harini Pant,Finance,Pune,2022
CUST02361,Amara Dora,Administration,Mumbai,2015
CUST02362,Chandresh Sarma,Human Resources,Kolkata,2022
CUST02363,Indrajit Cherian,Legal,Pune,2016
CUST02364,Benjamin Tripathi,Marketing,Hyderabad,2020
CUST02365,Oliver Dalal,Marketing,Delhi,2015
CUST02366,Janaki Dugar,Legal,Pune,2019
CUST02367,Riya Toor,IT,Pune,2025
CUST02368,Hardik Dube,Operations,Delhi,2021
CUST02369,Gaurika Devi,Operations,Noida,2024
CUST02370,Saksham Sarna,IT,Hyderabad,2015
CUST02371,Abeer Korpal,Marketing,Delhi,2016
CUST02372,Harita Mangat,Marketing,Bengaluru,2021
CUST02373,Frederick Lata,Administration,Mumbai,2020
CUST02374,Oeshi Patel,Marketing,Delhi,2017
CUST02375,Max Wagle,Human Resources,Hyderabad,2024
CUST02376,Vedant Devi,Marketing,Chennai,2016
CUST02377,Odika Rout,Sales,Bengaluru,2024
CUST02378,Zaitra Pathak,Administration,Chennai,2018
CUST02379,Saanvi Dhingra,Finance,Kolkata,2017
CUST02380,Zansi Boase,Marketing,Delhi,2021
CUST02381,Hamsini Murty,IT,Bengaluru,2022
CUST02382,Nitesh Saraf,Finance,Mumbai,2016
CUST02383,Maya Bansal,Human Resources,Delhi,2024
CUST02384,Dalbir Venkatesh,IT,Mumbai,2021
CUST02385,Oni Ratti,Finance,Noida,2022
CUST02386,Dipta Padmanabhan,IT,Pune,2020
CUST02387,Ati Wable,Human Resources,Chennai,2020
CUST02388,Netra Sehgal,Administration,Bengaluru,2024
CUST02389,Riya Pai,Sales,Mumbai,2015
CUST02390,Rudra Mitra,Human Resources,Hyderabad,2018
CUST02391,Balhaar Yogi,Human Resources,Mumbai,2015
CUST02392,Madhavi Date,IT,Hyderabad,2018
CUST02393,Tanay Chander,Administration,Delhi,2016
CUST02394,Harini Dutta,Legal,Bengaluru,2025
CUST02395,Ayaan Zacharia,Operations,Mumbai,2019
CUST02396,Wyatt Modi,Marketing,Kolkata,2024
CUST02397,Yashasvi Choudhry,Marketing,Mumbai,2023
CUST02398,Kashish Lad,Sales,Noida,2025
CUST02399,Jatin Batta,Sales,Kolkata,2024
CUST02400,Saumya Misra,Marketing,Bengaluru,2017
CUST02401,Sudiksha Nori,Operations,Noida,2022
CUST02402,Vivaan Palla,Marketing,Mumbai,2017
CUST02403,Bhavani Dey,Legal,Hyderabad,2020
CUST02404,Zinal Kota,Operations,Mumbai,2018
CUST02405,Falak Varty,Sales,Chennai,2022
CUST02406,Jalsa Sha,Finance,Delhi,2025
CUST02407,Manan Sandal,IT,Pune,2020
CUST02408,Finn Chanda,Legal,Hyderabad,2022
CUST02409,Pavani De,Legal,Chennai,2015
CUST02410,Tanish Sehgal,Administration,Kolkata,2020
CUST02411,Kala Vora,Sales,Delhi,2015
CUST02412,Zilmil Rana,Sales,Bengaluru,2015
CUST02413,Wishi Sampath,Human Resources,Hyderabad,2022
CUST02414,Vrishti Saha,Legal,Pune,2021
CUST02415,Maanas Tiwari,Human Resources,Delhi,2017
CUST02416,Vedhika Shankar,Human Resources,Kolkata,2020
CUST02417,Yochana Wadhwa,IT,Noida,2023
CUST02418,Simon Shah,Human Resources,Noida,2021
CUST02419,Bachittar Dugar,Operations,Pune,2017
CUST02420,Jagat Rege,Marketing,Bengaluru,2020
CUST02421,Jai Pingle,Finance,Bengaluru,2025
CUST02422,Banjeet Virk,Sales,Kolkata,2018
CUST02423,Jacob Prabhu,Operations,Hyderabad,2017
CUST02424,Kavya Mitter,Finance,Kolkata,2023
CUST02425,Vedika Bala,Legal,Mumbai,2024
CUST02426,Lucky Sama,Legal,Bengaluru,2016
CUST02427,Dalaja Mander,Legal,Delhi,2015
CUST02428,Qadim Suresh,Operations,Mumbai,2016
CUST02429,Jason Palla,Operations,Noida,2021
CUST02430,Chaitanya Sahni,Sales,Noida,2024
CUST02431,Dayita Sethi,Marketing,Chennai,2015
CUST02432,Krishna Soman,Administration,Pune,2020
CUST02433,Lakshit Thaman,Human Resources,Mumbai,2021
CUST02434,Shivani Sen,Legal,Pune,2023
CUST02435,Eshana Chakraborty,IT,Kolkata,2022
CUST02436,Lila Kaul,Marketing,Mumbai,2020
CUST02437,Harinakshi Zachariah,IT,Kolkata,2017
CUST02438,Saanvi Mall,Sales,Chennai,2022
CUST02439,Noah Bakshi,Sales,Bengaluru,2021
CUST02440,Jatin Chada,Sales,Noida,2017
CUST02441,Chatresh Vig,Finance,Chennai,2023
CUST02442,Vamakshi Thakkar,IT,Noida,2016
CUST02443,Jai Wali,Marketing,Bengaluru,2017
CUST02444,Anirudh Maharaj,Administration,Kolkata,2016
CUST02445,Yatan Sawhney,Marketing,Bengaluru,2015
CUST02446,Ekani Ratti,Operations,Noida,2018
CUST02447,Vyanjana Bajaj,Operations,Noida,2019
CUST02448,Rajeshri Gole,Legal,Pune,2020
CUST02449,Arjun Wable,Administration,Delhi,2019
CUST02450,Lavanya Kurian,Operations,Chennai,2015
CUST02451,Ishwar Chaudhary,Sales,Mumbai,2017
CUST02452,Bhavika Dhawan,Marketing,Noida,2015
CUST02453,Aadhya Chakraborty,IT,Chennai,2025
CUST02454,Damyanti Reddy,Sales,Pune,2019
CUST02455,Daniel Nanda,Finance,Bengaluru,2019
CUST02456,Avi Bhardwaj,Operations,Pune,2025
CUST02457,Madhavi Chaudhary,Sales,Hyderabad,2020
CUST02458,Lucky Sachar,Sales,Hyderabad,2022
CUST02459,Aarna Prashad,Finance,Mumbai,2024
CUST02460,Charles Jain,Human Resources,Pune,2015
CUST02461,Warjas Tailor,Marketing,Kolkata,2018
CUST02462,Ishwar Luthra,IT,Mumbai,2024
CUST02463,Eesha Shetty,Legal,Kolkata,2025
CUST02464,Dominic Sule,Human Resources,Mumbai,2015
CUST02465,Nikita Kaur,Operations,Hyderabad,2023
CUST02466,Amruta Chaudhuri,Sales,Mumbai,2025
CUST02467,Jeremiah Modi,Administration,Hyderabad,2021
CUST02468,Sanaya Chacko,Finance,Noida,2021
CUST02469,Lucky Prakash,Finance,Bengaluru,2019
CUST02470,Yatan Yogi,Administration,Kolkata,2021
CUST02471,Siya Barman,Marketing,Pune,2016
CUST02472,Ucchal Mann,Human Resources,Noida,2018
CUST02473,Aadi Bhasin,Legal,Noida,2021
CUST02474,Anjali Krishna,Marketing,Mumbai,2017
CUST02475,Indali Kala,Administration,Hyderabad,2016
CUST02476,Chakradev Edwin,Sales,Chennai,2024
CUST02477,Charita Chakraborty,Administration,Kolkata,2016
CUST02478,Jason Dey,Marketing,Noida,2015
CUST02479,Rachana Kade,IT,Mumbai,2019
CUST02480,Hema Lal,Finance,Delhi,2020
CUST02481,Anjali Korpal,Finance,Bengaluru,2020
CUST02482,Harita Kade,Operations,Bengaluru,2023
CUST02483,Falguni Babu,Operations,Chennai,2018
CUST02484,Aarnav Soni,Administration,Hyderabad,2015
CUST02485,Aditya Ghose,Legal,Mumbai,2020
CUST02486,Vrinda Ramaswamy,Sales,Kolkata,2019
CUST02487,Faras Yohannan,IT,Hyderabad,2024
CUST02488,Sai Dasgupta,Human Resources,Bengaluru,2020
CUST02489,Krisha Parmar,Marketing,Hyderabad,2017
CUST02490,Peter Anand,Legal,Bengaluru,2016
CUST02491,Turvi Prabhakar,Sales,Hyderabad,2020
CUST02492,Sai Andra,Operations,Chennai,2015
CUST02493,Anmol Mand,Administration,Pune,2021
CUST02494,Rehaan Chana,Marketing,Chennai,2021
CUST02495,Timothy Kaur,Operations,Chennai,2024
CUST02496,Janani Bansal,Administration,Pune,2021
CUST02497,Waida Kadakia,Marketing,Pune,2025
CUST02498,Rohan Randhawa,Human Resources,Noida,2024
CUST02499,Arunima Tella,Sales,Noida,2015
CUST02500,Onkar Hari,Marketing,Mumbai,2018
CUST02501,Dhruv Dave,IT,Kolkata,2021
CUST02502,Joshua Lad,Legal,Kolkata,2025
CUST02503,Anusha Handa,Finance,Mumbai,2023
CUST02504,Zayyan Setty,IT,Chennai,2019
CUST02505,Prisha Ben,IT,Chennai,2016
CUST02506,Rachana Ray,Legal,Bengaluru,2021
CUST02507,Jairaj Vasa,Finance,Bengaluru,2024
CUST02508,Warhi Pathak,IT,Kolkata,2015
CUST02509,Udarsh Batta,Marketing,Mumbai,2021
CUST02510,Osha Walia,Marketing,Delhi,2020
CUST02511,Diya Ahluwalia,Marketing,Noida,2021
CUST02512,Robert Natt,Finance,Delhi,2024
CUST02513,Aryan Kara,IT,Mumbai,2017
CUST02514,Falan Krish,Administration,Bengaluru,2017
CUST02515,Nitesh Narayan,Finance,Kolkata,2021
CUST02516,Dev Chatterjee,Marketing,Kolkata,2016
CUST02517,Varsha Sankaran,Legal,Bengaluru,2015
CUST02518,Gaurika Krishna,IT,Delhi,2023
CUST02519,Hritik Solanki,IT,Hyderabad,2023
CUST02520,Harini Bhagat,Operations,Hyderabad,2021
CUST02521,Zinal Khalsa,Operations,Bengaluru,2021
CUST02522,Reva Chandran,Human Resources,Hyderabad,2017
CUST02523,Jeet Chada,Administration,Pune,2024
CUST02524,Bahadurjit Purohit,Administration,Mumbai,2016
CUST02525,Dhruv Datta,Sales,Mumbai,2025
CUST02526,Riya Bhakta,Administration,Bengaluru,2021
CUST02527,Rachana Bhatti,Operations,Chennai,2023
CUST02528,Daksh Ben,Finance,Noida,2015
CUST02529,Lakshmi Ratti,Administration,Delhi,2018
CUST02530,Nirja Kaul,Operations,Bengaluru,2020
CUST02531,Sudiksha Rajagopalan,Human Resources,Hyderabad,2021
CUST02532,Priya Chaudhuri,IT,Delhi,2024
CUST02533,Atharv Setty,Administration,Chennai,2021
CUST02534,Reyansh Chokshi,Human Resources,Hyderabad,2024
CUST02535,Advik Bir,IT,Kolkata,2016
CUST02536,Jonathan Upadhyay,Legal,Noida,2018
CUST02537,Isha Sama,Legal,Pune,2019
CUST02538,Sai Grewal,IT,Hyderabad,2015
CUST02539,Laksh Basu,Administration,Pune,2015
CUST02540,Joshua Muni,Sales,Delhi,2024
CUST02541,Yochana Parmar,Operations,Pune,2017
CUST02542,Madhav Din,Finance,Delhi,2024
CUST02543,Dayamai Oza,Finance,Delhi,2017
CUST02544,Jyoti Anand,Marketing,Delhi,2022
CUST02545,Dakshesh Khanna,IT,Delhi,2023
CUST02546,Pahal Padmanabhan,Finance,Delhi,2025
CUST02547,Sai Jaggi,Administration,Hyderabad,2015
CUST02548,Harita Gulati,Sales,Delhi,2025
CUST02549,Unni Narula,IT,Hyderabad,2016
CUST02550,Chandani Sahota,Sales,Delhi,2024
CUST02551,Nicholas Cheema,Administration,Pune,2016
CUST02552,Brijesh Tandon,Finance,Kolkata,2018
CUST02553,Aarush Kapoor,Finance,Delhi,2016
CUST02554,Unnati Kala,Marketing,Chennai,2021
CUST02555,Vasana Narula,Finance,Delhi,2023
CUST02556,Samesh Ratta,IT,Delhi,2021
CUST02557,Abeer Patil,Administration,Pune,2020
CUST02558,Ethan Parmar,Legal,Noida,2024
CUST02559,Ishwar Dhar,Administration,Mumbai,2015
CUST02560,Ria Hayer,IT,Pune,2025
CUST02561,Caleb Balan,IT,Chennai,2024
CUST02562,Rudra Mander,Marketing,Mumbai,2023
CUST02563,Theodore Lala,Marketing,Bengaluru,2019
CUST02564,Harinakshi Korpal,Finance,Bengaluru,2025
CUST02565,Rohan Bains,Human Resources,Noida,2019
CUST02566,Adweta Chaudhuri,Administration,Chennai,2020
CUST02567,Laksh Raghavan,Administration,Pune,2023
CUST02568,Hamsini Kade,Human Resources,Hyderabad,2022
CUST02569,Tanmayi Khatri,Marketing,Chennai,2022
CUST02570,Kashish Garg,Finance,Kolkata,2022
CUST02571,Dhruv Dani,Human Resources,Mumbai,2015
CUST02572,Kalpit Gupta,Finance,Mumbai,2015
CUST02573,Kritika Prasad,Finance,Delhi,2022
CUST02574,Pushti Konda,Finance,Bengaluru,2019
CUST02575,Ranbir Wason,Operations,Noida,2023
CUST02576,Manthan Narang,IT,Mumbai,2016
CUST02577,Chatresh Mammen,Finance,Chennai,2023
CUST02578,Yashoda Suresh,Operations,Mumbai,2022
CUST02579,Finn Singhal,Marketing,Noida,2023
CUST02580,Oliver Trivedi,Human Resources,Noida,2018
CUST02581,Yashodhara Prasad,IT,Noida,2015
CUST02582,Zilmil Shetty,Legal,Chennai,2015
CUST02583,Ekanta Prakash,Human Resources,Hyderabad,2019
CUST02584,Warda Som,IT,Delhi,2016
CUST02585,Nandini Bansal,Legal,Bengaluru,2022
CUST02586,Theodore Jain,Human Resources,Mumbai,2024
CUST02587,Wahab Randhawa,IT,Chennai,2025
CUST02588,Damini Sandal,Human Resources,Pune,2019
CUST02589,Naksh Prasad,Human Resources,Bengaluru,2019
CUST02590,Frado Desai,Legal,Hyderabad,2016
CUST02591,Chakrika Saxena,Human Resources,Chennai,2021
CUST02592,Victor Barman,Human Resources,Kolkata,2022
CUST02593,Yauvani Nayar,Legal,Kolkata,2024
CUST02594,Shravya Sibal,Marketing,Delhi,2015
CUST02595,Nilima Pillai,Finance,Delhi,2016
CUST02596,Edhitha Mahajan,Administration,Hyderabad,2024
CUST02597,Aryan Gola,Sales,Hyderabad,2018
CUST02598,Vivaan Lanka,Operations,Delhi,2019
CUST02599,Jagrati Butala,Sales,Mumbai,2016
CUST02600,Yachana Varghese,Sales,Mumbai,2015
CUST02601,Aradhana Kari,IT,Chennai,2023
CUST02602,Jagat Bora,Finance,Pune,2015
CUST02603,Balvan Iyer,IT,Chennai,2018
CUST02604,Ronith Narayan,Finance,Pune,2016
CUST02605,Chasmum Maharaj,Legal,Hyderabad,2025
CUST02606,Lakshit Lal,Legal,Bengaluru,2018
CUST02607,Chandani Manda,Administration,Chennai,2022
CUST02608,Netra Ravi,Finance,Chennai,2022
CUST02609,Urmi Vala,Human Resources,Pune,2025
CUST02610,Mitali Kari,Marketing,Noida,2023
CUST02611,Shaurya Som,Administration,Hyderabad,2025
CUST02612,Zaitra Sidhu,Administration,Hyderabad,2019
CUST02613,Harini Chada,Human Resources,Kolkata,2021
CUST02614,Raghav Sanghvi,Marketing,Noida,2017
CUST02615,Shaurya Sarna,IT,Pune,2024
CUST02616,Ayushman Prasad,Marketing,Hyderabad,2018
CUST02617,Kabir Mody,IT,Noida,2024
CUST02618,Xalak Pant,Legal,Delhi,2023
CUST02619,Umang Saini,Sales,Noida,2024
CUST02620,Netra Yogi,Legal,Mumbai,2024
CUST02621,Eshana Bajaj,Legal,Kolkata,2015
CUST02622,Liam Dube,Sales,Delhi,2016
CUST02623,Mahika Raj,Marketing,Bengaluru,2019
CUST02624,Mahika Bhatt,Administration,Chennai,2017
CUST02625,Raghav Soman,Marketing,Kolkata,2016
CUST02626,Falguni Seth,IT,Bengaluru,2015
CUST02627,Girik Garg,Human Resources,Chennai,2024
CUST02628,Peter Balay,IT,Mumbai,2017
CUST02629,Avi Grover,Human Resources,Noida,2015
CUST02630,Ekaraj Raju,Legal,Hyderabad,2015
CUST02631,Samesh Kaul,Sales,Delhi,2015
CUST02632,Ekaraj Sha,Legal,Pune,2022
CUST02633,Jyoti Vasa,Finance,Delhi,2017
CUST02634,Onveer Narain,Marketing,Mumbai,2025
CUST02635,Mahika Dugar,Human Resources,Bengaluru,2015
CUST02636,Kai Yadav,IT,Pune,2021
CUST02637,Vanya Biswas,Sales,Hyderabad,2024
CUST02638,Samuel De,Human Resources,Mumbai,2017
CUST02639,Dayita Sankaran,IT,Pune,2022
CUST02640,Nathan Mukherjee,Marketing,Mumbai,2018
CUST02641,Yadavi Shanker,Legal,Noida,2018
CUST02642,Saksham Amble,Marketing,Mumbai,2019
CUST02643,Sanaya Bhatt,Operations,Hyderabad,2020
CUST02644,Yatin Vora,Finance,Kolkata,2021
CUST02645,Vritti Sharma,Operations,Chennai,2018
CUST02646,Balveer Chand,Sales,Pune,2022
CUST02647,Tanmayi Palan,Human Resources,Noida,2020
CUST02648,Mahika Gill,Sales,Hyderabad,2015
CUST02649,Zaid Gola,Legal,Mumbai,2015
CUST02650,Tanvi Rajagopalan,IT,Noida,2023
CUST02651,Girish Ramaswamy,Marketing,Hyderabad,2024
CUST02652,Wriddhish Dugar,Operations,Kolkata,2020
CUST02653,Bishakha Bhavsar,Administration,Noida,2024
CUST02654,Wakeeta Sabharwal,Operations,Noida,2022
CUST02655,Jyoti Bose,Legal,Chennai,2021
CUST02656,Yamini Nanda,Operations,Delhi,2020
CUST02657,Shravya Gala,Legal,Pune,2018
CUST02658,Sarthak Toor,Administration,Chennai,2021
CUST02659,Turvi Bala,Sales,Bengaluru,2023
CUST02660,Triya Raj,Marketing,Pune,2025
CUST02661,Mohini Hayer,Human Resources,Chennai,2024
CUST02662,Baljiwan Anne,IT,Mumbai,2024
CUST02663,Ishwar Deshpande,Human Resources,Pune,2021
CUST02664,Ucchal Sundaram,Sales,Pune,2015
CUST02665,Ekansh Butala,IT,Hyderabad,2024
CUST02666,Raksha Dey,Operations,Mumbai,2023
CUST02667,Arya Edwin,Administration,Bengaluru,2018
CUST02668,Andrew Chaudhry,Administration,Delhi,2017
CUST02669,Chaitaly Dash,Finance,Noida,2018
CUST02670,Om Brahmbhatt,Sales,Kolkata,2018
CUST02671,Anjali Dube,Sales,Chennai,2024
CUST02672,Ishita Gokhale,Marketing,Hyderabad,2025
CUST02673,Bakhshi Walia,Human Resources,Chennai,2016
CUST02674,Riya Batta,Sales,Bengaluru,2015
CUST02675,Madhavi Morar,Sales,Noida,2024
CUST02676,Charles Agrawal,Operations,Bengaluru,2015
CUST02677,Krishna Jaggi,Operations,Pune,2022
CUST02678,Kavya Khare,IT,Kolkata,2016
CUST02679,Gavin Babu,Legal,Bengaluru,2024
CUST02680,Ayaan Atwal,Legal,Chennai,2019
CUST02681,Rehaan Bhatnagar,Finance,Mumbai,2018
CUST02682,Gopal Ganesh,Legal,Mumbai,2022
CUST02683,Chaitanya Sagar,Marketing,Pune,2016
CUST02684,Eta Naidu,Finance,Delhi,2024
CUST02685,Sarthak Rana,IT,Chennai,2023
CUST02686,Jai Kata,Operations,Chennai,2021
CUST02687,Hitesh Parikh,Legal,Bengaluru,2021
CUST02688,Oscar Aurora,Human Resources,Kolkata,2015
CUST02689,Diya Arora,Operations,Chennai,2016
CUST02690,Simon Shanker,Administration,Hyderabad,2018
CUST02691,Dominic Mallick,Marketing,Delhi,2018
CUST02692,Caleb Bhavsar,Operations,Bengaluru,2025
CUST02693,Nirja Mitra,Marketing,Hyderabad,2017
CUST02694,Harsh Yadav,Marketing,Pune,2021
CUST02695,Zayan Chandran,Marketing,Mumbai,2022
CUST02696,Lipika Deol,IT,Pune,2016
CUST02697,Parth Nadkarni,Marketing,Mumbai,2018
CUST02698,Ekansh Nayak,Marketing,Pune,2017
CUST02699,Saumya Raja,Administration,Chennai,2016
CUST02700,Yahvi Arya,Human Resources,Hyderabad,2020
CUST02701,Ansh Dash,Finance,Mumbai,2018
CUST02702,Warjas Sangha,Sales,Bengaluru,2020
CUST02703,Fariq Bhasin,Administration,Hyderabad,2016
CUST02704,Kavya Tara,Finance,Bengaluru,2018
CUST02705,Saksham Doshi,Marketing,Hyderabad,2025
CUST02706,Samarth Barad,Human Resources,Hyderabad,2020
CUST02707,Sachi Narasimhan,Operations,Pune,2019
CUST02708,Arunima Nadkarni,Human Resources,Mumbai,2017
CUST02709,Oeshi Mani,Administration,Mumbai,2022
CUST02710,Veer Narula,Marketing,Kolkata,2021
CUST02711,Xavier Jha,Human Resources,Hyderabad,2017
CUST02712,Yuvraj Kapadia,Legal,Chennai,2020
CUST02713,Ekanta Goswami,Human Resources,Chennai,2018
CUST02714,Abeer Bhattacharyya,Marketing,Bengaluru,2025
CUST02715,Ekaraj Hans,IT,Bengaluru,2019
CUST02716,Lohit Jayaraman,Legal,Pune,2025
CUST02717,Gavin Ghose,Human Resources,Hyderabad,2019
CUST02718,Warinder Tripathi,Sales,Bengaluru,2021
CUST02719,Pooja Sibal,Sales,Bengaluru,2025
CUST02720,Nitesh Hora,Human Resources,Delhi,2019
CUST02721,Panini Goda,IT,Hyderabad,2025
CUST02722,Chavvi Mangal,Operations,Noida,2017
CUST02723,Saksham Magar,Marketing,Pune,2024
CUST02724,Fariq Parsa,Sales,Bengaluru,2019
CUST02725,Krishna Ganesh,Operations,Pune,2021
CUST02726,Ridhi Sami,Human Resources,Mumbai,2019
CUST02727,Nachiket Subramaniam,Administration,Pune,2019
CUST02728,Lakshmi Sane,Operations,Noida,2023
CUST02729,Charita Yogi,Legal,Chennai,2017
CUST02730,Parth Kurian,Finance,Noida,2020
CUST02731,Ubika Mohan,Sales,Chennai,2015
CUST02732,Bhanumati Prashad,Human Resources,Pune,2024
CUST02733,Ekbal Nath,Administration,Chennai,2019
CUST02734,Upasna Hayre,Marketing,Mumbai,2022
CUST02735,Ranveer Agrawal,Administration,Hyderabad,2019
CUST02736,Xiti Prasad,IT,Chennai,2023
CUST02737,Nidhi Sagar,Legal,Chennai,2025
CUST02738,Kashvi Rajagopalan,Human Resources,Pune,2020
CUST02739,Darika Bobal,Marketing,Mumbai,2022
CUST02740,Balvan Dash,IT,Kolkata,2024
CUST02741,Nicholas Hari,IT,Kolkata,2022
CUST02742,Aadhya Pall,Human Resources,Kolkata,2017
CUST02743,Jyoti Bhardwaj,Legal,Kolkata,2021
CUST02744,Panini Koshy,Operations,Hyderabad,2021
CUST02745,Vanya Banerjee,Operations,Noida,2024
CUST02746,Ayaan Divan,IT,Pune,2020
CUST02747,Tamanna Din,Operations,Pune,2021
CUST02748,Yug Edwin,Finance,Delhi,2016
CUST02749,Jackson Chanda,IT,Mumbai,2023
CUST02750,Mitali Buch,IT,Kolkata,2024
CUST02751,Pallavi Gandhi,Marketing,Hyderabad,2024
CUST02752,Zayyan Mittal,Operations,Mumbai,2015
CUST02753,Darika Sabharwal,Legal,Kolkata,2015
CUST02754,Ikbal Padmanabhan,IT,Hyderabad,2017
CUST02755,Amruta Kadakia,Administration,Mumbai,2017
CUST02756,Darika Ahuja,Legal,Pune,2015
CUST02757,Vyanjana Agarwal,Finance,Pune,2021
CUST02758,Ekaraj Sahni,Marketing,Noida,2018
CUST02759,Bhavya Sankar,Human Resources,Bengaluru,2024
CUST02760,Patrick Prasad,Legal,Noida,2016
CUST02761,Krish Hora,IT,Chennai,2024
CUST02762,Qabil Thakkar,Finance,Noida,2019
CUST02763,Shravya Kala,Sales,Kolkata,2020
CUST02764,Sai Bhargava,Finance,Delhi,2023
CUST02765,Rehaan Lad,Finance,Mumbai,2018
CUST02766,Ridhi Chopra,Marketing,Delhi,2016
CUST02767,Fariq Memon,Human Resources,Bengaluru,2019
CUST02768,Krishna Dash,Sales,Chennai,2017
CUST02769,Devansh Oommen,Operations,Mumbai,2016
CUST02770,Wahab Sridhar,Operations,Hyderabad,2015
CUST02771,Harrison Andra,Legal,Kolkata,2024
CUST02772,Amaira Amble,Finance,Chennai,2016
CUST02773,Gunbir Kakar,Administration,Pune,2020
CUST02774,Keya Venkatesh,Marketing,Bengaluru,2022
CUST02775,Vedika Solanki,Administration,Chennai,2017
CUST02776,Pushti Nayar,Marketing,Kolkata,2025
CUST02777,Hemal Murty,Operations,Noida,2023
CUST02778,Jalsa Rastogi,Legal,Chennai,2023
CUST02779,Dakshesh Parekh,Legal,Noida,2016
CUST02780,Harish Aggarwal,Legal,Kolkata,2022
CUST02781,Neelima Dewan,Sales,Pune,2024
CUST02782,Jason Wali,Human Resources,Mumbai,2025
CUST02783,Yuvraj Pillay,Sales,Hyderabad,2019
CUST02784,Vaishnavi Varma,IT,Pune,2018
CUST02785,Raghav Aggarwal,IT,Noida,2024
CUST02786,Anay Parsa,Administration,Noida,2019
CUST02787,Eshana Sawhney,Human Resources,Hyderabad,2018
CUST02788,Vedhika Ratta,Operations,Mumbai,2022
CUST02789,Ijaya Sangha,Human Resources,Chennai,2018
CUST02790,Harish Rajan,Marketing,Hyderabad,2024
CUST02791,Robert Dhar,IT,Bengaluru,2020
CUST02792,Joshua Tank,Finance,Bengaluru,2016
CUST02793,Charvi Sibal,Finance,Kolkata,2019
CUST02794,Sanaya D’Alia,Operations,Pune,2020
CUST02795,Wridesh Kohli,Marketing,Noida,2019
CUST02796,Onkar Chakraborty,Administration,Mumbai,2016
CUST02797,Radhika Balakrishnan,Sales,Kolkata,2021
CUST02798,Eta Rajagopal,Marketing,Pune,2018
CUST02799,Thomas Kurian,Finance,Pune,2022
CUST02800,Jatin Deshpande,Finance,Kolkata,2021
CUST02801,Gautam Natarajan,Administration,Delhi,2021
CUST02802,Dhruv Oza,IT,Pune,2023
CUST02803,Lakshmi Sarkar,Marketing,Delhi,2015
CUST02804,Udant Lad,Marketing,Bengaluru,2024
CUST02805,Bina Chahal,Finance,Bengaluru,2020
CUST02806,Gaurav Oak,Sales,Pune,2020
CUST02807,Jack Pillai,Operations,Bengaluru,2020
CUST02808,Dhriti Rai,Legal,Mumbai,2020
CUST02809,Deepa Bhatia,Operations,Delhi,2024
CUST02810,Lipika Sampath,Marketing,Delhi,2021
CUST02811,Janya Date,Operations,Pune,2024
CUST02812,Hredhaan Rana,Finance,Bengaluru,2020
CUST02813,Triveni Mutti,Finance,Hyderabad,2015
CUST02814,Chaman Kanda,Administration,Noida,2017
CUST02815,Tamanna Din,Marketing,Kolkata,2016
CUST02816,Madhav Banerjee,Administration,Kolkata,2020
CUST02817,Dayamai Thakkar,Marketing,Delhi,2022
CUST02818,Anusha Sridhar,Legal,Pune,2017
CUST02819,Warda Manne,Legal,Pune,2024
CUST02820,Daniel Nath,IT,Mumbai,2022
CUST02821,Shivansh Kar,Marketing,Chennai,2022
CUST02822,Praneel Sura,Sales,Noida,2019
CUST02823,Chandani Dutta,Operations,Chennai,2022
CUST02824,Manya Nazareth,Marketing,Delhi,2020
CUST02825,Urvashi Pall,Human Resources,Kolkata,2019
CUST02826,Mahika Bora,IT,Mumbai,2023
CUST02827,Barkha Hayer,Human Resources,Mumbai,2021
CUST02828,Gunbir Deep,Finance,Mumbai,2022
CUST02829,Chatura Modi,Legal,Delhi,2015
CUST02830,Nihal Devan,Operations,Chennai,2025
CUST02831,Vasudha Manne,Marketing,Kolkata,2016
CUST02832,Shaurya Kamdar,Human Resources,Mumbai,2022
CUST02833,Aditya Pathak,Operations,Kolkata,2023
CUST02834,Manbir Puri,Finance,Bengaluru,2018
CUST02835,Om Bhalla,Legal,Pune,2024
CUST02836,Ishani Som,Sales,Pune,2025
CUST02837,Charles Dalal,IT,Kolkata,2024
CUST02838,Radha Dixit,Operations,Hyderabad,2023
CUST02839,Yash Bandi,Operations,Hyderabad,2018
CUST02840,Wridesh Ranganathan,Sales,Delhi,2024
CUST02841,Chasmum Gera,Operations,Delhi,2024
CUST02842,Gaurav Sheth,Finance,Pune,2024
CUST02843,Anvi Saxena,Finance,Bengaluru,2023
CUST02844,Advay Dar,Sales,Noida,2025
CUST02845,Fitan Dara,IT,Chennai,2021
CUST02846,Yashodhara Kar,Marketing,Chennai,2016
CUST02847,Varsha Mahal,Human Resources,Delhi,2023
CUST02848,Pratyush Rajagopalan,Marketing,Bengaluru,2018
CUST02849,Radha Misra,Operations,Delhi,2022
CUST02850,Hardik Nanda,Human Resources,Noida,2021
CUST02851,Qasim Ravi,Administration,Chennai,2021
CUST02852,Meera Yadav,Sales,Kolkata,2022
CUST02853,Devansh Venkataraman,Sales,Delhi,2015
CUST02854,Sarthak Dalal,IT,Mumbai,2019
CUST02855,Pranit Ahluwalia,Human Resources,Kolkata,2016
CUST02856,Dipta Das,Finance,Noida,2016
CUST02857,Kabir Jhaveri,Human Resources,Noida,2015
CUST02858,Gagan Kunda,Operations,Delhi,2019
CUST02859,Frado Dash,Finance,Pune,2016
CUST02860,Januja Garg,Legal,Delhi,2018
CUST02861,Aadi Kothari,Legal,Pune,2017
CUST02862,Chakradhar Venkataraman,Administration,Noida,2017
CUST02863,Sai Dey,Legal,Bengaluru,2016
CUST02864,Dhriti Virk,Sales,Noida,2020
CUST02865,Yashvi Kadakia,Human Resources,Chennai,2016
CUST02866,Chaitanya Khalsa,Legal,Kolkata,2022
CUST02867,Raghav Dhar,Marketing,Kolkata,2022
CUST02868,Tanveer Desai,IT,Hyderabad,2019
CUST02869,Jagrati Mall,Marketing,Hyderabad,2024
CUST02870,Pahal Borde,Legal,Noida,2021
CUST02871,Abha Raj,Administration,Chennai,2018
CUST02872,Mugdha Shan,IT,Hyderabad,2015
CUST02873,Aachal Sandal,Operations,Kolkata,2025
CUST02874,Samar Bobal,Marketing,Delhi,2016
CUST02875,Reyansh Pradhan,Administration,Bengaluru,2024
CUST02876,Oni Dube,Human Resources,Bengaluru,2024
CUST02877,Radha Raghavan,Human Resources,Chennai,2018
CUST02878,Yug Brahmbhatt,Marketing,Noida,2015
CUST02879,Jeet Wali,Legal,Hyderabad,2022
CUST02880,Niharika Bhatti,Administration,Delhi,2023
CUST02881,Gaurav Patil,Human Resources,Bengaluru,2018
CUST02882,Anjali Dhingra,Operations,Bengaluru,2024
CUST02883,Anusha Anne,Finance,Mumbai,2017
CUST02884,Krishna Kapadia,Legal,Noida,2016
CUST02885,Henry Dasgupta,Administration,Mumbai,2019
CUST02886,Damini Suri,Operations,Kolkata,2017
CUST02887,Ikshita Manda,Administration,Bengaluru,2024
CUST02888,Hardik Bava,IT,Chennai,2021
CUST02889,Eesha Ramachandran,Operations,Pune,2025
CUST02890,Hemani Wali,Legal,Pune,2020
CUST02891,Vansha Datta,IT,Delhi,2015
CUST02892,Aditya Varghese,Legal,Bengaluru,2022
CUST02893,Jonathan Dhar,Human Resources,Bengaluru,2016
CUST02894,Amara Bera,Finance,Kolkata,2019
CUST02895,Zaid Sahota,Legal,Bengaluru,2023
CUST02896,Qadim Sarna,Legal,Chennai,2022
CUST02897,Upadhriti Thakkar,Human Resources,Mumbai,2016
CUST02898,Anya Sangha,Sales,Bengaluru,2023
CUST02899,Dalaja Chahal,Human Resources,Bengaluru,2019
CUST02900,Niharika Munshi,IT,Kolkata,2024
CUST02901,Fariq Bose,Human Resources,Noida,2020
CUST02902,Girik Gandhi,Human Resources,Hyderabad,2017
CUST02903,Frado Mangal,Finance,Noida,2017
CUST02904,Advaith Samra,Human Resources,Kolkata,2024
CUST02905,Varsha Tank,Administration,Noida,2022
CUST02906,Nidra Atwal,Legal,Kolkata,2025
CUST02907,Abhimanyu Sandal,Administration,Chennai,2024
CUST02908,Yash Wable,Finance,Delhi,2024
CUST02909,Saumya Ganguly,Marketing,Bengaluru,2016
CUST02910,Parth Borde,Sales,Kolkata,2025
CUST02911,Kiaan Varkey,Administration,Kolkata,2016
CUST02912,Charan Sami,Finance,Hyderabad,2019
CUST02913,Ladli Garde,IT,Kolkata,2020
CUST02914,Isaiah Nigam,Marketing,Pune,2016
CUST02915,Jacob Mannan,Finance,Delhi,2019
CUST02916,Vasudha Memon,Finance,Bengaluru,2021
CUST02917,Tanay Agate,Sales,Bengaluru,2024
CUST02918,Teerth Mody,Legal,Hyderabad,2024
CUST02919,Ubika Sura,Administration,Chennai,2022
CUST02920,Ishani Ahuja,IT,Bengaluru,2021
CUST02921,Falguni Misra,Operations,Pune,2022
CUST02922,Hredhaan Ahluwalia,Administration,Bengaluru,2023
CUST02923,Quincy Ratti,Operations,Pune,2019
CUST02924,Aditya Chaudhuri,Finance,Delhi,2019
CUST02925,Vyanjana Hora,Human Resources,Delhi,2025
CUST02926,Yoshita Dube,IT,Mumbai,2024
CUST02927,Jatin Sura,Marketing,Mumbai,2018
CUST02928,Nachiket Krishna,Human Resources,Pune,2023
CUST02929,Upma Rana,Human Resources,Chennai,2019
CUST02930,Chandani Patla,Administration,Bengaluru,2016
CUST02931,Qabil Yadav,IT,Kolkata,2024
CUST02932,Ikbal Sarna,Legal,Bengaluru,2022
CUST02933,Neel Dey,Finance,Mumbai,2021
CUST02934,Radha Ahluwalia,Finance,Noida,2022
CUST02935,Rushil Choudhry,Finance,Kolkata,2017
CUST02936,Bhavani Baria,Finance,Pune,2018
CUST02937,Megha Sama,Administration,Kolkata,2019
CUST02938,Azad Dyal,Operations,Noida,2020
CUST02939,Varenya Lata,Finance,Bengaluru,2015
CUST02940,Oviya Suresh,Operations,Bengaluru,2018
CUST02941,Joshua Nair,Operations,Chennai,2025
CUST02942,Yachana Ramachandran,Legal,Hyderabad,2024
CUST02943,Imaran Chokshi,Finance,Kolkata,2019
CUST02944,Jonathan Dugal,Sales,Mumbai,2021
CUST02945,Xiti Arya,Marketing,Noida,2019
CUST02946,Charles Oommen,Human Resources,Noida,2015
CUST02947,Abhiram Saraf,Operations,Noida,2025
CUST02948,Bimala Manda,IT,Mumbai,2021
CUST02949,Fitan Sanghvi,IT,Hyderabad,2022
CUST02950,Michael Vaidya,Marketing,Bengaluru,2021
CUST02951,Zaid Mand,IT,Chennai,2025
CUST02952,Adya Kota,Sales,Chennai,2018
CUST02953,Rushil Som,IT,Mumbai,2022
CUST02954,Yadavi Golla,Human Resources,Chennai,2019
CUST02955,Manthan Karnik,Human Resources,Noida,2024
CUST02956,Kevin Rattan,Operations,Delhi,2023
CUST02957,Anusha Handa,Finance,Hyderabad,2024
CUST02958,Pooja Badami,Legal,Bengaluru,2019
CUST02959,Gavin Behl,Sales,Delhi,2015
CUST02960,Nikita Vohra,Operations,Hyderabad,2023
CUST02961,Vihaan Kapadia,Sales,Pune,2019
CUST02962,Pooja Srinivas,Finance,Kolkata,2020
CUST02963,Yashvi Sane,Administration,Mumbai,2018
CUST02964,Daksha Choudhary,IT,Noida,2020
CUST02965,Januja Mand,IT,Chennai,2022
CUST02966,Omya Koshy,Legal,Pune,2017
CUST02967,Champak Gopal,Finance,Chennai,2019
CUST02968,Aadi Ben,Operations,Delhi,2016
CUST02969,Simon Mangal,Legal,Bengaluru,2016
CUST02970,Ati Chaudhuri,Finance,Bengaluru,2021
CUST02971,Qasim Krishnan,Marketing,Bengaluru,2024
CUST02972,Januja Natt,Human Resources,Noida,2024
CUST02973,Isaac Chatterjee,Legal,Chennai,2025
CUST02974,Kalpit Narula,Legal,Pune,2024
CUST02975,Janaki Wadhwa,Operations,Bengaluru,2020
CUST02976,Wazir Majumdar,Sales,Pune,2018
CUST02977,Leena Chahal,Marketing,Chennai,2019
CUST02978,Kalpit Dara,Operations,Noida,2015
CUST02979,Rayaan Hans,Finance,Delhi,2021
CUST02980,Hardik Borde,Finance,Noida,2022
CUST02981,Charvi Som,Finance,Pune,2023
CUST02982,Mitesh Bassi,Administration,Noida,2022
CUST02983,Rehaan Sahota,Finance,Noida,2019
CUST02984,Idika Pau,Sales,Delhi,2017
CUST02985,Jacob Sarin,Marketing,Chennai,2024
CUST02986,Vasudha Saini,IT,Chennai,2025
CUST02987,Ojas Mahal,Human Resources,Mumbai,2023
CUST02988,Bimala Bath,Sales,Noida,2020
CUST02989,Ranveer Rao,Sales,Chennai,2019
CUST02990,Yochana Borde,Administration,Chennai,2017
CUST02991,Raksha Upadhyay,IT,Hyderabad,2020
CUST02992,Madhavi Rattan,IT,Bengaluru,2017
CUST02993,Samuel Gour,Human Resources,Mumbai,2024
CUST02994,Nathaniel Kamdar,Human Resources,Kolkata,2020
CUST02995,Yochana Shah,IT,Mumbai,2018
CUST02996,Chavvi Kannan,Finance,Mumbai,2016
CUST02997,Amrita Dani,Sales,Kolkata,2022
CUST02998,Udarsh Bath,Operations,Hyderabad,2018
CUST02999,Bishakha Baral,Human Resources,Noida,2023
CUST03000,Arunima Deol,Administration,Delhi,2021
